,susceptible,exposed,infected,recovered,symptomatic,hospitalized,critical,deceased,quarantine_S,quarantine_E,quarantine_I,contact_traced
2020-02-16,1.0,1.1190038180410272e-06,0.0,0.0,0.0,0.0,0.0,0.0,0.0,0.0,0.0,0.0
2020-02-17,0.999998880996182,2.2380076360820544e-06,0.0,0.0,0.0,0.0,0.0,0.0,0.0,0.0,0.0,0.0
2020-02-18,0.9999977619923639,2.2380076360820544e-06,1.1190038180410272e-06,0.0,0.0,0.0,0.0,0.0,0.0,0.0,0.0,0.0
2020-02-19,0.9999932859770918,6.714022908246163e-06,1.1190038180410272e-06,0.0,0.0,0.0,0.0,0.0,0.0,0.0,0.0,0.0
2020-02-20,0.9999932859770918,5.5950190902051355e-06,1.1190038180410272e-06,1.1190038180410272e-06,0.0,0.0,0.0,0.0,0.0,0.0,0.0,0.0
2020-02-21,0.9999888099618196,8.952030544328217e-06,2.2380076360820544e-06,1.1190038180410272e-06,0.0,0.0,0.0,0.0,0.0,0.0,0.0,0.0
2020-02-22,0.9999854529503654,7.83302672628719e-06,6.714022908246163e-06,1.1190038180410272e-06,0.0,0.0,0.0,0.0,0.0,0.0,0.0,0.0
2020-02-23,0.9999753819160031,1.7904061088656435e-05,3.3570114541230816e-06,2.2380076360820544e-06,2.2380076360820544e-06,0.0,0.0,0.0,2.2380076360820544e-06,0.0,0.0,0.0
2020-02-24,0.999972024904549,1.6785057270615407e-05,6.714022908246163e-06,3.3570114541230816e-06,2.2380076360820544e-06,0.0,0.0,0.0,2.2380076360820544e-06,0.0,0.0,0.0
2020-02-25,0.9999597158625505,2.5737087814943625e-05,7.83302672628719e-06,4.476015272164109e-06,3.3570114541230816e-06,0.0,0.0,0.0,3.3570114541230816e-06,0.0,0.0,0.0
2020-02-26,0.999945168812916,3.580812217731287e-05,1.1190038180410271e-05,5.5950190902051355e-06,3.3570114541230816e-06,0.0,0.0,0.0,4.476015272164109e-06,0.0,0.0,0.0
2020-02-27,0.9999250267441913,4.699816035772314e-05,1.6785057270615407e-05,5.5950190902051355e-06,6.714022908246163e-06,0.0,0.0,0.0,6.714022908246163e-06,0.0,0.0,0.0
2020-02-28,0.9999104796945567,5.035517181184622e-05,2.349908017886157e-05,6.714022908246163e-06,1.0071034362369245e-05,0.0,0.0,0.0,1.0071034362369245e-05,0.0,0.0,0.0
2020-02-29,0.9998914566296501,6.154520999225649e-05,2.1261072542779514e-05,1.1190038180410271e-05,1.566605345257438e-05,0.0,0.0,0.0,1.6785057270615407e-05,0.0,0.0,0.0
2020-03-01,0.9998690765532892,6.154520999225649e-05,3.8046129813394925e-05,1.3428045816492326e-05,1.9023064906697463e-05,0.0,0.0,0.0,2.1261072542779514e-05,0.0,0.0,0.0
2020-03-02,0.9998433394654742,7.273524817266677e-05,4.364114890360006e-05,1.566605345257438e-05,2.5737087814943625e-05,0.0,0.0,0.0,2.6856091632984652e-05,0.0,0.0,0.0
2020-03-03,0.9997896272822083,0.00010518635889585655,5.035517181184622e-05,1.9023064906697463e-05,3.6927125995353894e-05,0.0,0.0,0.0,3.8046129813394925e-05,0.0,0.0,0.0
2020-03-04,0.9997381531065784,0.00012532842762059504,6.60212252644206e-05,2.4618083996902597e-05,4.5879156539682115e-05,1.1190038180410272e-06,0.0,9.360114572925161e-12,5.035517181184622e-05,0.0,0.0,0.0
2020-03-05,0.9996810839118583,0.0001521845192535797,7.497325580874882e-05,3.133210690514876e-05,6.0426206174215464e-05,1.1190038180410272e-06,0.0,3.402073190369234e-11,6.60212252644206e-05,0.0,0.0,0.0
2020-03-06,0.9996027536445954,0.00020142068724738487,7.049724053658471e-05,4.1403141267518005e-05,8.392528635307704e-05,1.1190038180410272e-06,0.0,9.505634597930325e-11,8.840130162524115e-05,0.0,0.0,0.0
2020-03-07,0.9995400894307851,0.000205896702519549,0.0001029483512597745,5.3712183265969305e-05,9.735333216956936e-05,1.1190038180410272e-06,0.0,2.4632851503581456e-10,0.00010518635889585655,0.0,0.0,0.0
2020-03-08,0.9994695921902486,0.00023722880942469776,0.00010966237416802066,6.714022908246163e-05,0.0001152573932582258,2.2380076360820544e-06,0.0,5.903136714070658e-10,0.00012644743143863606,0.0,0.0,0.0
2020-03-09,0.9993879049115315,0.00027303693160201064,0.00012197141616647196,8.392528635307704e-05,0.00013092344671080018,2.2380076360820544e-06,1.1190038180410272e-06,1.3213757209146769e-09,0.00014323248870925148,0.0,0.0,0.0
2020-03-10,0.9992715285144553,0.00032786811868602096,0.00014211348489121044,0.00010182934744173347,0.00015106551543553866,4.476015272164109e-06,2.2380076360820544e-06,2.802997430668533e-09,0.00017008858034223612,0.0,0.0,0.0
2020-03-11,0.9991585091288332,0.00036479524468137483,0.00018687363761285154,0.0001275664352566771,0.00015777953834378484,3.3570114541230816e-06,2.2380076360820544e-06,5.619129518476109e-09,0.00017904061088656434,0.0,0.0,0.0
2020-03-12,0.9990130386324878,0.00042969746612775444,0.00020701570633759002,0.00015554153070770278,0.00018687363761285154,6.714022908246163e-06,2.2380076360820544e-06,1.0700279004195051e-08,0.00021149172160975414,0.0,0.0,0.0
2020-03-13,0.9988149749566946,0.0005315268135694879,0.00024841884760510804,0.00017792160706852332,0.00021932474833604132,5.5950190902051355e-06,3.3570114541230816e-06,1.943658894183297e-08,0.0002428238285149029,0.0,0.0,0.0
2020-03-14,0.9985878171816323,0.000619928115194729,0.0002909409926906671,0.00019918267961130284,0.0002920599965087081,7.83302672628719e-06,3.3570114541230816e-06,3.377777646221835e-08,0.00031220206523344655,0.0,0.0,0.0
2020-03-15,0.9984367516661967,0.0006277611419210162,0.00034017716068447223,0.00024058582087882084,0.0003424151683205543,8.952030544328217e-06,4.476015272164109e-06,5.63336097373314e-08,0.0003793422943159082,0.0,0.0,0.0
2020-03-16,0.9983058282194859,0.0006076190731962777,0.00038493731340611336,0.0002640849010576824,0.0004229834432195083,1.1190038180410271e-05,4.476015272164109e-06,9.040973253885467e-08,0.00045543455394269803,0.0,0.0,0.0
2020-03-17,0.9981234305971451,0.0006557362373720419,0.00038605631722415435,0.00031891608814169276,0.0004979566990282571,1.4547049634533354e-05,4.476015272164109e-06,1.4001670512908736e-07,0.0005471928670220623,0.0,0.0,0.0
2020-03-18,0.9979746030893457,0.0006501412182818367,0.0004073173897669339,0.00037262827140766203,0.0005729299548370059,1.9023064906697463e-05,4.476015272164109e-06,2.097895071325848e-07,0.0006244041304668931,0.0,0.0,0.0
2020-03-19,0.997845917650271,0.0006411891877375086,0.00041403141267518003,0.0004408875043081647,0.0006277611419210162,2.6856091632984652e-05,4.476015272164109e-06,3.0481613401662117e-07,0.0007049724053658471,0.0,0.0,0.0
2020-03-20,0.9977071611768339,0.0006232851266488521,0.00042969746612775444,0.0005046707219365032,0.000700496390093683,3.0213103087107732e-05,5.5950190902051355e-06,4.3035722254659844e-07,0.000783302672628719,0.0,0.0,0.0
2020-03-21,0.9975560956613984,0.0006501412182818367,0.0003983653592226057,0.0005740489586550469,0.000781064664992637,3.468911835927184e-05,6.714022908246163e-06,5.914615001830584e-07,0.000863870947527673,0.0,0.0,0.0
2020-03-22,0.9974386002605041,0.0006120950884684419,0.00043417348139991856,0.0006635692640983291,0.0008079207566256216,3.580812217731287e-05,8.952030544328217e-06,7.925341574697229e-07,0.0009231781498838474,0.0,0.0,0.0
2020-03-23,0.9973412469283345,0.0005572639013844315,0.00044872053103445187,0.0007631606039039806,0.0008392528635307704,4.1403141267518005e-05,1.0071034362369245e-05,1.0368967109163216e-06,0.0009556292606070372,0.0,0.0,0.0
2020-03-24,0.9972103234816238,0.0005460738632040213,0.000411793405039098,0.0008683469627998371,0.0009041550849771499,4.5879156539682115e-05,1.4547049634533354e-05,1.3264679607819007e-06,0.0010373165393240322,0.0,0.0,0.0
2020-03-25,0.997107375130364,0.0005214557792071186,0.00041067440122105695,0.0009701763102415705,0.0009242971537018884,5.035517181184622e-05,1.6785057270615407e-05,1.6616372376926163e-06,0.001069767650047222,0.0,0.0,0.0
2020-03-26,0.9970021887714681,0.0005091467372086674,0.0003950083477684826,0.001065291634775058,0.0009511532453348731,6.154520999225649e-05,1.6785057270615407e-05,2.041383842777816e-06,0.001108932783678658,0.0,0.0,0.0
2020-03-27,0.9969025974316624,0.0004923616799380519,0.000371509267589621,0.0011570499478544222,0.000990318378966309,6.378321762833855e-05,2.349908017886157e-05,2.463578134701478e-06,0.001150335924946176,0.0,0.0,0.0
2020-03-28,0.9968007680842207,0.0004923616799380519,0.00033905815686643124,0.0012790213640208941,0.0009970324018745552,6.714022908246163e-05,2.5737087814943625e-05,2.925539776495584e-06,0.0011861440471234888,0.0,0.0,0.0
2020-03-29,0.9967213188131397,0.0004587915653968211,0.0003513671988648825,0.0013886837381889147,0.0009791283407858987,7.609225962678985e-05,2.5737087814943625e-05,3.4246244658151213e-06,0.0011727160013069965,0.0,0.0,0.0
2020-03-30,0.9966262034886063,0.00045207754248857495,0.0003412961645025133,0.00148156105508632,0.0009936753904204322,7.83302672628719e-05,2.797509545102568e-05,3.958972356533207e-06,0.0011771920165791607,0.0,0.0,0.0
2020-03-31,0.9965221361335285,0.0004587915653968211,0.0003245111072318979,0.0016012944636167098,0.0009791283407858987,8.728229780720012e-05,2.797509545102568e-05,4.528137254046465e-06,0.001192858070031735,0.0,0.0,0.0
2020-04-01,0.9964482818815378,0.0004252214508555903,0.0003245111072318979,0.001725503887419264,0.0009601052758792013,8.728229780720012e-05,3.0213103087107732e-05,5.13366100895885e-06,0.0011760730127611196,0.0,0.0,0.0
2020-04-02,0.9963789036448193,0.0004084363935849749,0.0003021310308710773,0.0018295712424970794,0.0009578672682431193,9.399632071544628e-05,3.0213103087107732e-05,5.779304361027558e-06,0.0011648829745807092,0.0,0.0,0.0
2020-04-03,0.9963117634157368,0.0003838183095880723,0.0002965360117808722,0.0019448286357553052,0.0009377251995183808,9.511532453348731e-05,3.133210690514876e-05,6.470920808008004e-06,0.00115481194021834,0.0,0.0,0.0
2020-04-04,0.9962580512324708,0.00033905815686643124,0.0003166780805056107,0.002061205032831572,0.0008929650467967397,9.959133980565142e-05,3.3570114541230815e-05,7.2158221079009824e-06,0.0011268368447673142,0.0,0.0,0.0
2020-04-05,0.996181958972844,0.00033905815686643124,0.00029429800414479016,0.0021652723879093875,0.0008851320200704525,9.847233598761039e-05,3.6927125995353894e-05,8.02193795692284e-06,0.0011022187607704118,0.0,0.0,0.0
2020-04-06,0.99612712778576,0.00032786811868602096,0.00027079892396592855,0.002258149704806793,0.0008717039742539602,0.00010518635889585655,4.028413744947698e-05,8.896861739453438e-06,0.0010966237416802065,0.0,0.0,0.0
2020-04-07,0.9960499165223152,0.00032339210341385683,0.0002517758590592311,0.0023666930751567723,0.0008571569246194268,0.00011078137798606169,4.1403141267518005e-05,9.847433193278379e-06,0.0010921477264080426,0.0,0.0,0.0
2020-04-08,0.9959995613505034,0.000287583981236544,0.0002629658972396414,0.002477474453142834,0.0008157537833519088,0.00011301938562214374,4.4760152721641084e-05,1.0879319428419224e-05,0.00106752964241114,0.0,0.0,0.0
2020-04-09,0.9959424921557832,0.000287583981236544,0.0002428238285149029,0.0025681137624041575,0.0007978497222632524,0.00011413838944018477,4.811716417576417e-05,1.1996929032007411e-05,0.0010373165393240322,0.0,0.0,0.0
2020-04-10,0.9958977320030616,0.0002719179277839696,0.0002226817597901644,0.0026576340678474393,0.00078442167644676,0.00011301938562214374,5.3712183265969305e-05,1.3202616809084843e-05,0.001029483512597745,0.0,0.0,0.0
2020-04-11,0.995854090854158,0.00024618083996902595,0.00022827677888036954,0.0027538683961989678,0.0007497325580874882,0.0001152573932582258,5.3712183265969305e-05,1.4495434499727497e-05,0.0010026274209647603,0.0,0.0,0.0
2020-04-12,0.9958082116976184,0.00022827677888036954,0.0002182057445180003,0.0028556977436407015,0.0007251144740905856,0.00010854337034997964,5.7069194720092384e-05,1.5869315887398257e-05,0.0009768903331498168,0.0,0.0,0.0
2020-04-13,0.9957634515448966,0.00021149172160975414,0.0002103727177917131,0.0029496940643561477,0.000701615393911724,0.00010966237416802066,5.483118708401033e-05,1.7311436837505172e-05,0.00094779623388075,0.0,0.0,0.0
2020-04-14,0.9957153343807209,0.00020142068724738487,0.00019582566815717976,0.0030604754423422093,0.0006669262755524521,0.00010406735507781553,5.7069194720092384e-05,1.8801821468746567e-05,0.0009198211384297243,0.0,0.0,0.0
2020-04-15,0.9956683362203632,0.0001935876605210977,0.00019694467197522078,0.00313768670578704,0.0006445461991916317,0.00010406735507781553,5.595019090205136e-05,2.0315142561379254e-05,0.0008694659666178781,0.0,0.0,0.0
2020-04-16,0.9956179810485514,0.00019582566815717976,0.00018687363761285154,0.0032003509195973378,0.0006411891877375086,0.00010518635889585655,5.3712183265969305e-05,2.1824441771731806e-05,0.0008526809093472627,0.0,0.0,0.0
2020-04-17,0.995579934918738,0.00019134965288501564,0.00017120758416027716,0.003298823255584948,0.0006076190731962777,9.847233598761039e-05,5.3712183265969305e-05,2.3305993695148286e-05,0.0008370148558946883,0.0,0.0,0.0
2020-04-18,0.9955474838080147,0.00018799264143089256,0.00015889854216182586,0.003370439499939574,0.0005863580006534982,9.623432835152834e-05,5.3712183265969305e-05,2.4743809093820574e-05,0.0007933737069910883,0.0,0.0,0.0
2020-04-19,0.9955195087125637,0.00017456459561440024,0.00014658950016337456,0.0034465317595663634,0.0005595019090205136,9.847233598761039e-05,5.595019090205136e-05,2.6132283396237765e-05,0.0007765886497204729,0.0,0.0,0.0
2020-04-20,0.9954960096323848,0.00015777953834378484,0.0001398754772551284,0.0035181480039209894,0.0005304078097514469,0.00010182934744173347,5.7069194720092384e-05,2.7476002014574382e-05,0.0007463755466333651,0.0,0.0,0.0
2020-04-21,0.9954602015102075,0.00014994651161749764,0.00013539946198296428,0.003583050225367369,0.0005080277333906263,0.00010742436653193861,5.7069194720092384e-05,2.8787213615072978e-05,0.0007295904893627497,0.0,0.0,0.0
2020-04-22,0.9954221553803941,0.0001521845192535797,0.00012420942380255402,0.0036434764315415842,0.000495718691392175,0.00010742436653193861,5.595019090205136e-05,3.0081497560816393e-05,0.0007072104130019292,0.0,0.0,0.0
2020-04-23,0.9953874662620349,0.0001443514925272925,0.00013092344671080018,0.0036915935957173487,0.00048788566466588783,0.00010071034362369244,5.8188198538133415e-05,3.137302143981853e-05,0.0006870683442771906,0.0,0.0,0.0
2020-04-24,0.9953572531589477,0.00013539946198296428,0.00013092344671080018,0.0037609718324358925,0.0004655055883050673,9.06393092613232e-05,6.0426206174215464e-05,3.267044166623899e-05,0.0006747593022787394,0.0,0.0,0.0
2020-04-25,0.9953180880253163,0.00014770850398141558,0.00012420942380255402,0.003839302099698764,0.00042186443940146724,9.175831307936423e-05,5.8188198538133415e-05,3.397427276649216e-05,0.0006389511801014265,0.0,0.0,0.0
2020-04-26,0.9953035409756819,0.00013092344671080018,0.00011301938562214374,0.0038941332867827743,0.0004173884241293031,8.504429017111806e-05,5.7069194720092384e-05,3.527610148621264e-05,0.0006065000693782367,0.0,0.0,0.0
2020-04-27,0.995278922891685,0.00013428045816492326,0.00010630536271389758,0.003956797500593072,0.00038941332867827743,8.168727871699498e-05,5.3712183265969305e-05,3.655962386022747e-05,0.0005818819853813342,0.0,0.0,0.0
2020-04-28,0.9952375197504174,0.00014770850398141558,0.00010182934744173347,0.004004914664768836,0.0003759852828617851,7.944927108091293e-05,5.3712183265969305e-05,3.780345002166729e-05,0.0005527878861122674,0.0,0.0,0.0
2020-04-29,0.9952162586778746,0.00014323248870925148,9.511532453348731e-05,0.004065340870943052,0.0003502481950468415,8.056827489895396e-05,5.035517181184622e-05,3.898496906863321e-05,0.000534883825023611,0.0,0.0,0.0
2020-04-30,0.995199473620604,0.00012532842762059504,9.847233598761039e-05,0.00410674401221057,0.00034465317595663635,7.83302672628719e-05,4.811716417576417e-05,4.008435603344752e-05,0.0005057897257545442,0.0,0.0,0.0
2020-05-01,0.9951737365327891,0.00011749540089430785,9.511532453348731e-05,0.004149266157296129,0.0003457721797746774,7.049724053658471e-05,4.9236167993805195e-05,4.108796908852616e-05,0.0004990757028462981,0.0,0.0,0.0
2020-05-02,0.9951491184487922,0.00010966237416802066,0.00010071034362369244,0.004192907306199729,0.0003267491148679799,7.497325580874882e-05,4.699816035772314e-05,4.199015460697006e-05,0.00048452865321176476,0.0,0.0,0.0
2020-05-03,0.9951245003647953,0.00010630536271389758,9.511532453348731e-05,0.0042354294512852875,0.0003245111072318979,6.825923290050266e-05,4.699816035772314e-05,4.279341318887663e-05,0.0004744576188493955,0.0,0.0,0.0
2020-05-04,0.9951088343113427,9.847233598761039e-05,8.056827489895396e-05,0.004265642554372395,0.00033570114541230816,6.60212252644206e-05,4.5879156539682115e-05,4.350707243486238e-05,0.0004688625997591904,0.0,0.0,0.0
2020-05-05,0.995090930250254,9.287731689740525e-05,8.168727871699498e-05,0.004311521710912078,0.00031891608814169276,6.266421381029752e-05,4.252214508555903e-05,4.4145444553842636e-05,0.0004643865844870263,0.0,0.0,0.0
2020-05-06,0.9950797402120736,8.952030544328217e-05,7.049724053658471e-05,0.004339496806363103,0.00031444007286952864,6.825923290050266e-05,3.916513363143595e-05,4.472572386377255e-05,0.0004453635195803288,0.0,0.0,0.0
2020-05-07,0.995062955154803,8.168727871699498e-05,6.378321762833855e-05,0.004377542936176498,0.0003077260499612825,6.714022908246163e-05,4.028413744947698e-05,4.52663311459674e-05,0.00044648252339836984,0.0,0.0,0.0
2020-05-08,0.9950428130860782,7.497325580874882e-05,6.60212252644206e-05,0.0044223030888981395,0.000288702985054585,6.714022908246163e-05,3.916513363143595e-05,4.578526859467195e-05,0.00043417348139991856,0.0,0.0,0.0
2020-05-09,0.9950159569944452,8.504429017111806e-05,5.483118708401033e-05,0.004468182245437821,0.0002763939430561337,6.266421381029752e-05,3.8046129813394925e-05,4.6298564906208545e-05,0.00041850742794734416,0.0,0.0,0.0
2020-05-10,0.9950047669562648,7.83302672628719e-05,5.8188198538133415e-05,0.00449951435234297,0.00026184689342160036,6.154520999225649e-05,3.6927125995353894e-05,4.6818471831321455e-05,0.00038829432486023644,0.0,0.0,0.0
2020-05-11,0.9949891009028122,7.273524817266677e-05,5.930720235617444e-05,0.004529727455430078,0.00024953785142314903,6.60212252644206e-05,3.468911835927184e-05,4.735214723218973e-05,0.0003759852828617851,0.0,0.0,0.0
2020-05-12,0.9949723158455417,7.497325580874882e-05,5.2593179447928274e-05,0.004565535577607391,0.00023834781324273878,6.0426206174215464e-05,3.6927125995353894e-05,4.7900816014561436e-05,0.0003681522561354979,0.0,0.0,0.0
2020-05-13,0.994955530788271,7.161624435462574e-05,6.0426206174215464e-05,0.0046024627036027445,0.00022156275597212338,5.595019090205136e-05,3.3570114541230815e-05,4.846036621895482e-05,0.0003412961645025133,0.0,0.0,0.0
2020-05-14,0.9949454597539087,6.60212252644206e-05,5.595019090205136e-05,0.004634913814325935,0.00021484873306387722,5.035517181184622e-05,3.3570114541230815e-05,4.902277117371554e-05,0.0003267491148679799,0.0,0.0,0.0
2020-05-15,0.9949342697157283,6.490222144637958e-05,4.4760152721641084e-05,0.004659531898322837,0.00021596773688191824,4.811716417576417e-05,3.3570114541230815e-05,4.957834235032541e-05,0.0003177970843236517,0.0,0.0,0.0
2020-05-16,0.9949197226660937,6.378321762833855e-05,3.916513363143595e-05,0.004683030978501698,0.00021484873306387722,4.811716417576417e-05,3.245111072318979e-05,5.0117965380958904e-05,0.0003133210690514876,0.0,0.0,0.0
2020-05-17,0.9949118896393675,6.154520999225649e-05,4.1403141267518005e-05,0.004707649062498601,0.0001980636757932618,5.035517181184622e-05,3.0213103087107732e-05,5.063453926224858e-05,0.00030325003468911836,0.0,0.0,0.0
2020-05-18,0.9949029376088231,5.483118708401033e-05,4.028413744947698e-05,0.004736743161767668,0.00019023064906697462,4.4760152721641084e-05,3.133210690514876e-05,5.112347029613887e-05,0.00028982198887262604,0.0,0.0,0.0
2020-05-19,0.9948827955400984,6.378321762833855e-05,4.364114890360006e-05,0.004769194272490858,0.00016785057270615408,4.364114890360006e-05,3.0213103087107732e-05,5.1582510937304864e-05,0.0002719179277839696,0.0,0.0,0.0
2020-05-20,0.994874962513372,6.0426206174215464e-05,4.028413744947698e-05,0.004797169367941883,0.0001566605345257438,4.4760152721641084e-05,2.6856091632984652e-05,5.201124670343296e-05,0.0002506568552411901,0.0,0.0,0.0
2020-05-21,0.9948615344675557,6.154520999225649e-05,4.4760152721641084e-05,0.004822906455756827,0.0001398754772551284,4.4760152721641084e-05,2.5737087814943625e-05,5.241060128354536e-05,0.0002349908017886157,0.0,0.0,0.0
2020-05-22,0.9948481064217392,6.154520999225649e-05,4.364114890360006e-05,0.004840810516845483,0.0001398754772551284,4.252214508555903e-05,2.4618083996902597e-05,5.2782441427018105e-05,0.00022044375215408236,0.0,0.0,0.0
2020-05-23,0.9948380353873767,5.3712183265969305e-05,5.035517181184622e-05,0.004875499635204755,0.00011861440471234888,4.1403141267518005e-05,2.349908017886157e-05,5.3129463952849716e-05,0.00021596773688191824,0.0,0.0,0.0
2020-05-24,0.9948268453491963,4.699816035772314e-05,5.7069194720092384e-05,0.004894522700111452,0.00011078137798606169,4.252214508555903e-05,2.2380076360820542e-05,5.345469086871993e-05,0.00019470666433913872,0.0,0.0,0.0
2020-05-25,0.9948100602919258,5.483118708401033e-05,4.9236167993805195e-05,0.004909069749745986,0.0001152573932582258,3.8046129813394925e-05,2.4618083996902597e-05,5.376112056141548e-05,0.00019023064906697462,0.0,0.0,0.0
2020-05-26,0.9947966322461093,5.7069194720092384e-05,3.916513363143595e-05,0.0049258548070166015,0.00012197141616647196,3.6927125995353894e-05,2.349908017886157e-05,5.405127806569715e-05,0.00019582566815717976,0.0,0.0,0.0
2020-05-27,0.9947887992193829,5.2593179447928274e-05,3.6927125995353894e-05,0.0049381638490150525,0.00012644743143863606,3.6927125995353894e-05,2.1261072542779514e-05,5.4327112264085415e-05,0.00019134965288501564,0.0,0.0,0.0
2020-05-28,0.9947820851964747,4.699816035772314e-05,4.028413744947698e-05,0.004952710898649586,0.00012309041998451298,3.580812217731287e-05,2.014206872473849e-05,5.459024783322994e-05,0.00019246865670305668,0.0,0.0,0.0
2020-05-29,0.9947720141621124,5.147417562988725e-05,3.0213103087107732e-05,0.00496837695210216,0.00012309041998451298,3.8046129813394925e-05,1.7904061088656435e-05,5.484254092263055e-05,0.00019470666433913872,0.0,0.0,0.0
2020-05-30,0.9947653001392041,4.699816035772314e-05,3.133210690514876e-05,0.004980685994100612,0.00012532842762059504,3.3570114541230815e-05,1.7904061088656435e-05,5.5086686657909054e-05,0.0001891116452489336,0.0,0.0,0.0
2020-05-31,0.9947541101010237,4.252214508555903e-05,3.8046129813394925e-05,0.004992995036099063,0.00012197141616647196,3.3570114541230815e-05,1.7904061088656435e-05,5.532636047603422e-05,0.00018239762234068742,0.0,0.0,0.0
2020-06-01,0.9947440390666613,3.8046129813394925e-05,4.252214508555903e-05,0.0050097800933696784,0.00011749540089430785,3.133210690514876e-05,1.7904061088656435e-05,5.5565840696518566e-05,0.00018015961470460538,0.0,0.0,0.0
2020-06-02,0.994736206039935,3.6927125995353894e-05,3.916513363143595e-05,0.005023208139186171,0.00011637639707626683,3.245111072318979e-05,1.6785057270615407e-05,5.580908437058375e-05,0.00017904061088656434,0.0,0.0,0.0
2020-06-03,0.9947261350055726,3.916513363143595e-05,4.028413744947698e-05,0.005045588215546992,0.00010518635889585655,2.797509545102568e-05,1.6785057270615407e-05,5.605852750192843e-05,0.00017232658797831818,0.0,0.0,0.0
2020-06-04,0.9947194209826644,3.6927125995353894e-05,4.1403141267518005e-05,0.005059016261363484,0.00010071034362369244,2.6856091632984652e-05,1.6785057270615407e-05,5.631415676468559e-05,0.0001566605345257438,0.0,0.0,0.0
2020-06-05,0.994708230944484,3.916513363143595e-05,3.468911835927184e-05,0.005074682314816058,9.847233598761039e-05,3.0213103087107732e-05,1.566605345257438e-05,5.657318011342768e-05,0.00015442252688966174,0.0,0.0,0.0
2020-06-06,0.9946981599101216,3.6927125995353894e-05,3.916513363143595e-05,0.005092586375904715,9.06393092613232e-05,2.9094099269066708e-05,1.4547049634533354e-05,5.683045045108567e-05,0.00015106551543553866,0.0,0.0,0.0
2020-06-07,0.9946903268833953,3.133210690514876e-05,3.580812217731287e-05,0.005107133425539248,9.399632071544628e-05,2.9094099269066708e-05,1.3428045816492326e-05,5.707948279806147e-05,0.00014658950016337456,0.0,0.0,0.0
2020-06-08,0.9946824938566691,2.797509545102568e-05,3.6927125995353894e-05,0.005122799478991823,8.952030544328217e-05,2.797509545102568e-05,1.3428045816492326e-05,5.731396294047713e-05,0.0001443514925272925,0.0,0.0,0.0
2020-06-09,0.9946746608299427,2.797509545102568e-05,3.3570114541230815e-05,0.005139584536262438,8.616329398915909e-05,2.4618083996902597e-05,1.4547049634533354e-05,5.7529013549559306e-05,0.0001398754772551284,0.0,0.0,0.0
2020-06-10,0.9946589947764902,3.6927125995353894e-05,3.133210690514876e-05,0.005149655570624807,8.616329398915909e-05,2.4618083996902597e-05,1.3428045816492326e-05,5.7722176803669375e-05,0.00013316145434688224,0.0,0.0,0.0
2020-06-11,0.9946500427459458,3.6927125995353894e-05,3.245111072318979e-05,0.005155250589715012,8.840130162524115e-05,2.4618083996902597e-05,1.3428045816492326e-05,5.7893649337940184e-05,0.00012980444289275916,0.0,0.0,0.0
2020-06-12,0.9946422097192196,3.3570114541230815e-05,3.245111072318979e-05,0.0051686786355315045,8.504429017111806e-05,2.6856091632984652e-05,1.2309041998451299e-05,5.8045901650808165e-05,0.0001320424505288412,0.0,0.0,0.0
2020-06-13,0.9946410907154015,2.797509545102568e-05,2.6856091632984652e-05,0.0051809876775299555,8.728229780720012e-05,2.4618083996902597e-05,1.2309041998451299e-05,5.8182806372535205e-05,0.00013428045816492326,0.0,0.0,0.0
2020-06-14,0.9946321386848572,3.3570114541230815e-05,2.9094099269066708e-05,0.005187701700438202,8.280628253503601e-05,2.349908017886157e-05,1.2309041998451299e-05,5.8308511480966804e-05,0.00012532842762059504,0.0,0.0,0.0
2020-06-15,0.9946220676504949,3.580812217731287e-05,2.4618083996902597e-05,0.005198891738618612,8.616329398915909e-05,2.349908017886157e-05,1.0071034362369245e-05,5.842647521179729e-05,0.00012980444289275916,0.0,0.0,0.0
2020-06-16,0.9946086396046784,4.1403141267518005e-05,2.349908017886157e-05,0.00520784376916294,8.616329398915909e-05,2.349908017886157e-05,1.0071034362369245e-05,5.8538905158243274e-05,0.00012644743143863606,0.0,0.0,0.0
2020-06-17,0.9946019255817701,3.580812217731287e-05,2.6856091632984652e-05,0.005226866834069638,7.721126344483087e-05,2.2380076360820542e-05,1.0071034362369245e-05,5.864672310914765e-05,0.00012532842762059504,0.0,0.0,0.0
2020-06-18,0.9945963305626799,3.3570114541230815e-05,2.5737087814943625e-05,0.005236937868432007,7.609225962678985e-05,2.4618083996902597e-05,7.83302672628719e-06,5.87499816896376e-05,0.00011637639707626683,0.0,0.0,0.0
2020-06-19,0.9945851405244994,3.916513363143595e-05,2.2380076360820542e-05,0.005248127906612417,7.497325580874882e-05,2.349908017886157e-05,7.83302672628719e-06,5.884849301044276e-05,0.00011637639707626683,0.0,0.0,0.0
2020-06-20,0.9945784265015912,3.6927125995353894e-05,2.5737087814943625e-05,0.005253722925702623,7.385425199070779e-05,2.5737087814943625e-05,6.714022908246163e-06,5.894239515481746e-05,0.00011078137798606169,0.0,0.0,0.0
2020-06-21,0.9945750694901371,3.133210690514876e-05,2.6856091632984652e-05,0.005261555952428909,7.385425199070779e-05,2.5737087814943625e-05,6.714022908246163e-06,5.9032430881522946e-05,0.00011190038180410272,0.0,0.0,0.0
2020-06-22,0.9945661174595928,3.0213103087107732e-05,2.797509545102568e-05,0.005269388979155197,7.385425199070779e-05,2.4618083996902597e-05,8.952030544328217e-06,5.9119806361883747e-05,0.00011301938562214374,0.0,0.0,0.0
2020-06-23,0.9945549274214124,3.916513363143595e-05,2.2380076360820542e-05,0.005285055032607771,6.937823671854368e-05,2.1261072542779514e-05,8.952030544328217e-06,5.92058065266763e-05,0.0001152573932582258,0.0,0.0,0.0
2020-06-24,0.994547094394686,3.580812217731287e-05,2.4618083996902597e-05,0.005291769055516017,7.049724053658471e-05,2.1261072542779514e-05,1.0071034362369245e-05,5.929139395733455e-05,0.00010742436653193861,0.0,0.0,0.0
2020-06-25,0.9945359043565056,3.8046129813394925e-05,3.0213103087107732e-05,0.005299602082242305,6.60212252644206e-05,2.1261072542779514e-05,1.0071034362369245e-05,5.937685548612578e-05,0.0001029483512597745,0.0,0.0,0.0
2020-06-26,0.9945280713297794,4.028413744947698e-05,2.9094099269066708e-05,0.0053085541127866325,6.378321762833855e-05,2.1261072542779514e-05,1.0071034362369245e-05,5.946179417072636e-05,0.0001029483512597745,0.0,0.0,0.0
2020-06-27,0.994518000295417,3.916513363143595e-05,3.0213103087107732e-05,0.005315268135694879,6.60212252644206e-05,2.2380076360820542e-05,1.0071034362369245e-05,5.954535479432999e-05,0.00010406735507781553,0.0,0.0,0.0
2020-06-28,0.9945079292610547,4.1403141267518005e-05,2.5737087814943625e-05,0.005328696181511371,6.490222144637958e-05,2.2380076360820542e-05,1.0071034362369245e-05,5.9626602371295566e-05,0.00010742436653193861,0.0,0.0,0.0
2020-06-29,0.9944978582266922,4.1403141267518005e-05,2.5737087814943625e-05,0.0053376482120557,6.825923290050266e-05,2.014206872473849e-05,1.0071034362369245e-05,5.970488894459038e-05,0.00010518635889585655,0.0,0.0,0.0
2020-06-30,0.9944855491846938,4.699816035772314e-05,2.4618083996902597e-05,0.005344362234963946,6.825923290050266e-05,2.2380076360820542e-05,8.952030544328217e-06,5.978013262973541e-05,0.0001029483512597745,0.0,0.0,0.0
2020-07-01,0.9944765971541495,4.4760152721641084e-05,2.5737087814943625e-05,0.005355552273144356,6.825923290050266e-05,2.349908017886157e-05,6.714022908246163e-06,5.9852937212338765e-05,0.00010854337034997964,0.0,0.0,0.0
2020-07-02,0.9944598120968788,4.9236167993805195e-05,2.6856091632984652e-05,0.005366742311324766,7.049724053658471e-05,2.1261072542779514e-05,6.714022908246163e-06,5.992455429140078e-05,0.00010630536271389758,0.0,0.0,0.0
2020-07-03,0.9944508600663345,4.811716417576417e-05,2.9094099269066708e-05,0.005368980318960848,7.609225962678985e-05,2.1261072542779514e-05,6.714022908246163e-06,5.999675807114962e-05,0.00010518635889585655,0.0,0.0,0.0
2020-07-04,0.9944441460434263,4.5879156539682115e-05,2.6856091632984652e-05,0.0053812893609593,7.721126344483087e-05,1.7904061088656435e-05,7.83302672628719e-06,6.0071705561508424e-05,0.00011301938562214374,0.0,0.0,0.0
2020-07-05,0.9944295989937918,5.035517181184622e-05,2.797509545102568e-05,0.005389122387685586,7.83302672628719e-05,1.7904061088656435e-05,7.83302672628719e-06,6.015179113951966e-05,0.00011078137798606169,0.0,0.0,0.0
2020-07-06,0.994409456925067,5.930720235617444e-05,2.9094099269066708e-05,0.005398074418229915,7.721126344483087e-05,2.014206872473849e-05,7.83302672628719e-06,6.023947204205021e-05,0.00011301938562214374,0.0,0.0,0.0
2020-07-07,0.9943926718677965,6.154520999225649e-05,3.580812217731287e-05,0.005410383460228366,7.609225962678985e-05,1.566605345257438e-05,8.952030544328217e-06,6.033704325673636e-05,0.00011190038180410272,0.0,0.0,0.0
2020-07-08,0.99437924382198,5.7069194720092384e-05,3.916513363143595e-05,0.005418216486954654,8.168727871699498e-05,1.4547049634533354e-05,1.1190038180410271e-05,6.0446314390232e-05,0.00011301938562214374,0.0,0.0,0.0
2020-07-09,0.9943646967723454,5.7069194720092384e-05,4.028413744947698e-05,0.00542604951368094,8.840130162524115e-05,1.4547049634533354e-05,1.0071034362369245e-05,6.05681631845345e-05,0.00011973340853038991,0.0,0.0,0.0
2020-07-10,0.9943501497227109,5.595019090205136e-05,4.1403141267518005e-05,0.005435001544225269,9.399632071544628e-05,1.4547049634533354e-05,1.0071034362369245e-05,6.070211352324075e-05,0.00012644743143863606,0.0,0.0,0.0
2020-07-11,0.9943356026730763,6.0426206174215464e-05,3.6927125995353894e-05,0.005443953574769597,9.847233598761039e-05,1.566605345257438e-05,1.0071034362369245e-05,6.0846046120904994e-05,0.00013316145434688224,0.0,0.0,0.0
2020-07-12,0.994326650642532,5.483118708401033e-05,4.028413744947698e-05,0.005457381620586089,9.847233598761039e-05,1.566605345257438e-05,7.83302672628719e-06,6.099624295189182e-05,0.00013428045816492326,0.0,0.0,0.0
2020-07-13,0.9943087465814433,5.930720235617444e-05,4.028413744947698e-05,0.005471928670220623,9.847233598761039e-05,1.4547049634533354e-05,7.83302672628719e-06,6.114780544256535e-05,0.0001320424505288412,0.0,0.0,0.0
2020-07-14,0.9942919615241728,6.825923290050266e-05,3.580812217731287e-05,0.005487594723673197,9.735333216956936e-05,1.2309041998451299e-05,7.83302672628719e-06,6.129546938838434e-05,0.00012868543907471812,0.0,0.0,0.0
2020-07-15,0.9942807714859924,5.595019090205136e-05,4.364114890360006e-05,0.0054954277503994845,0.00010630536271389758,1.1190038180410271e-05,7.83302672628719e-06,6.143454366605214e-05,0.00012980444289275916,0.0,0.0,0.0
2020-07-16,0.9942628674249037,6.0426206174215464e-05,4.4760152721641084e-05,0.005511093803852059,0.00010630536271389758,7.83302672628719e-06,7.83302672628719e-06,6.156174534947812e-05,0.00013428045816492326,0.0,0.0,0.0
2020-07-17,0.9942539153943594,5.2593179447928274e-05,4.5879156539682115e-05,0.0055267598573046335,0.00010518635889585655,8.952030544328217e-06,7.83302672628719e-06,6.167565547489234e-05,0.00013539946198296428,0.0,0.0,0.0
2020-07-18,0.9942348923294526,5.7069194720092384e-05,4.5879156539682115e-05,0.0055390688993030845,0.00010630536271389758,1.0071034362369245e-05,7.83302672628719e-06,6.177663093487124e-05,0.00013539946198296428,0.0,0.0,0.0
2020-07-19,0.994219226276,5.595019090205136e-05,4.9236167993805195e-05,0.005553615948937618,0.0001029483512597745,1.2309041998451299e-05,7.83302672628719e-06,6.186628075790844e-05,0.0001320424505288412,0.0,0.0,0.0
2020-07-20,0.9942013222149114,5.8188198538133415e-05,4.5879156539682115e-05,0.005564805987118028,0.00011190038180410272,1.0071034362369245e-05,8.952030544328217e-06,6.194669796796982e-05,0.00013875647343708736,0.0,0.0,0.0
2020-07-21,0.9941711091118243,7.497325580874882e-05,4.028413744947698e-05,0.0055793530367525615,0.00011637639707626683,1.0071034362369245e-05,8.952030544328217e-06,6.201969922020466e-05,0.00014770850398141558,0.0,0.0,0.0
2020-07-22,0.9941576810660078,7.049724053658471e-05,4.4760152721641084e-05,0.005589424071114931,0.00011749540089430785,1.3428045816492326e-05,7.83302672628719e-06,6.208637462184621e-05,0.00014658950016337456,0.0,0.0,0.0
2020-07-23,0.9941420150125552,7.609225962678985e-05,4.699816035772314e-05,0.005596138094023177,0.00011973340853038991,1.1190038180410271e-05,8.952030544328217e-06,6.214696621767894e-05,0.0001443514925272925,0.0,0.0,0.0
2020-07-24,0.9941129209132862,8.728229780720012e-05,4.811716417576417e-05,0.005614042155111834,0.00011973340853038991,1.0071034362369245e-05,8.952030544328217e-06,6.220110900140432e-05,0.00015106551543553866,0.0,0.0,0.0
2020-07-25,0.9940905408369254,8.952030544328217e-05,5.3712183265969305e-05,0.0056353032276546125,0.00011413838944018477,8.952030544328217e-06,8.952030544328217e-06,6.22482550451788e-05,0.00015106551543553866,0.0,0.0,0.0
2020-07-26,0.9940771127911089,8.056827489895396e-05,5.595019090205136e-05,0.005649850277289146,0.00011973340853038991,1.0071034362369245e-05,7.83302672628719e-06,6.228813347330142e-05,0.00014882750779945662,0.0,0.0,0.0
2020-07-27,0.9940580897262021,8.392528635307704e-05,5.035517181184622e-05,0.005672230353649966,0.00011749540089430785,1.2309041998451299e-05,6.714022908246163e-06,6.232105676377469e-05,0.00015442252688966174,0.0,0.0,0.0
2020-07-28,0.9940301146307511,9.287731689740525e-05,5.595019090205136e-05,0.005677825372740172,0.00012420942380255402,1.3428045816492326e-05,6.714022908246163e-06,6.234804291066452e-05,0.00014770850398141558,0.0,0.0,0.0
2020-07-29,0.9940010205314821,0.00010071034362369244,5.483118708401033e-05,0.005690134414738623,0.00013428045816492326,1.3428045816492326e-05,6.714022908246163e-06,6.237073223700126e-05,0.00016337455743398996,0.0,0.0,0.0
2020-07-30,0.9939741644398491,0.00010182934744173347,5.8188198538133415e-05,0.005702443456737074,0.0001443514925272925,1.2309041998451299e-05,7.83302672628719e-06,6.239110311236684e-05,0.00017456459561440024,0.0,0.0,0.0
2020-07-31,0.9939394753214899,0.00011301938562214374,6.714022908246163e-05,0.005714752498735526,0.00014770850398141558,1.2309041998451299e-05,6.714022908246163e-06,6.241114717570861e-05,0.00017904061088656434,0.0,0.0,0.0
2020-08-01,0.9939081432145846,0.0001152573932582258,7.273524817266677e-05,0.005731537556006141,0.00015554153070770278,1.2309041998451299e-05,5.5950190902051355e-06,6.243248280529328e-05,0.00018799264143089256,0.0,0.0,0.0
2020-08-02,0.9938768111076794,0.00011749540089430785,7.944927108091293e-05,0.005749441617094797,0.00016001754597986688,1.3428045816492326e-05,4.476015272164109e-06,6.24560742640666e-05,0.00019134965288501564,0.0,0.0,0.0
2020-08-03,0.993834288962594,0.00012309041998451298,7.83302672628719e-05,0.005775178704909741,0.00017008858034223612,1.566605345257438e-05,4.476015272164109e-06,6.248206563334784e-05,0.00020813471015563106,0.0,0.0,0.0
2020-08-04,0.9937962428327806,0.00013763746961904634,7.83302672628719e-05,0.005797558781270562,0.00017232658797831818,1.4547049634533354e-05,4.476015272164109e-06,6.250982504556683e-05,0.00020813471015563106,0.0,0.0,0.0
2020-08-05,0.9937503636762408,0.00015554153070770278,7.721126344483087e-05,0.005813224834723136,0.00018351662615872846,1.7904061088656435e-05,3.3570114541230816e-06,6.253811110013907e-05,0.0002182057445180003,0.0,0.0,0.0
2020-08-06,0.9937044845197012,0.00016337455743398996,9.175831307936423e-05,0.0058311288958117925,0.0001891116452489336,1.7904061088656435e-05,3.3570114541230816e-06,6.256542809420851e-05,0.00022603877124428748,0.0,0.0,0.0
2020-08-07,0.9936462963211631,0.00018687363761285154,9.287731689740525e-05,0.005854627975990654,0.00019694467197522078,1.6785057270615407e-05,6.714022908246163e-06,6.259039647807816e-05,0.00023834781324273878,0.0,0.0,0.0
2020-08-08,0.9935948221455332,0.00019246865670305668,0.00011078137798606169,0.005878127056169516,0.00020030168342934386,1.7904061088656435e-05,6.714022908246163e-06,6.261210268386508e-05,0.00024394283233294392,0.0,0.0,0.0
2020-08-09,0.9935545380080837,0.00018239762234068742,0.00013092344671080018,0.005897150121076213,0.00020813471015563106,2.1261072542779514e-05,6.714022908246163e-06,6.263030753953873e-05,0.0002506568552411901,0.0,0.0,0.0
2020-08-10,0.9935019448286357,0.00020365869488346694,0.00011637639707626683,0.00592624422034528,0.00022491976742624646,1.9023064906697463e-05,8.952030544328217e-06,6.26455339217406e-05,0.0002763939430561337,0.0,0.0,0.0
2020-08-11,0.9934471136415517,0.00022044375215408236,0.00012197141616647196,0.005945267285251977,0.00023610980560665674,2.1261072542779514e-05,8.952030544328217e-06,6.265903216609975e-05,0.00027863195069221576,0.0,0.0,0.0
2020-08-12,0.9933866874353775,0.00024058582087882084,0.00011973340853038991,0.0059710043730669205,0.0002517758590592311,2.2380076360820542e-05,8.952030544328217e-06,6.267261869966347e-05,0.00030325003468911836,0.0,0.0,0.0
2020-08-13,0.9933318562482936,0.00024953785142314903,0.00012420942380255402,0.005993384449427742,0.0002685609163298465,2.4618083996902597e-05,8.952030544328217e-06,6.268846334760356e-05,0.00031891608814169276,0.0,0.0,0.0
2020-08-14,0.9932647160192111,0.00026184689342160036,0.00014770850398141558,0.006020240541060726,0.0002719179277839696,2.5737087814943625e-05,8.952030544328217e-06,6.270880020223723e-05,0.0003267491148679799,0.0,0.0,0.0
2020-08-15,0.9931998137977647,0.00026520390487572344,0.00015554153070770278,0.006058286670874121,0.0002853459736004619,2.797509545102568e-05,8.952030544328217e-06,6.273557516740054e-05,0.0003502481950468415,0.0,0.0,0.0
2020-08-16,0.993152815637407,0.00023946681706077982,0.00018015961470460538,0.006095213796869475,0.00029541700796283115,2.797509545102568e-05,1.0071034362369245e-05,6.277005814140808e-05,0.00036143823322725175,0.0,0.0,0.0
2020-08-17,0.9930879134159606,0.0002517758590592311,0.00016673156888811304,0.006139973949591116,0.0003166780805056107,2.797509545102568e-05,1.0071034362369245e-05,6.281249133847385e-05,0.00038829432486023644,0.0,0.0,0.0
2020-08-18,0.9929983931105173,0.00027863195069221576,0.00017008858034223612,0.006185853106130798,0.000328987122504062,2.6856091632984652e-05,1.2309041998451299e-05,6.286188029882156e-05,0.00040507938213085184,0.0,0.0,0.0
2020-08-19,0.9929256578623447,0.00027303693160201064,0.00018799264143089256,0.006218304216853988,0.0003569622179550877,2.5737087814943625e-05,1.3428045816492326e-05,6.29160286357801e-05,0.00042410244703754927,0.0,0.0,0.0
2020-08-20,0.9928383755645375,0.0002965360117808722,0.00019023064906697462,0.006259707358121506,0.0003759852828617851,2.6856091632984652e-05,1.3428045816492326e-05,6.297185751298902e-05,0.0004453635195803288,0.0,0.0,0.0
2020-08-21,0.9927600452972746,0.00030884505377932347,0.0001857546337948105,0.006301110499389024,0.0004006033668586877,3.133210690514876e-05,1.3428045816492326e-05,6.302595417444805e-05,0.0004722196112133135,0.0,0.0,0.0
2020-08-22,0.9926738820032854,0.0003166780805056107,0.00018687363761285154,0.006354822682654993,0.0004229834432195083,3.245111072318979e-05,1.3428045816492326e-05,6.307520122274127e-05,0.0005001947066643392,0.0,0.0,0.0
2020-08-23,0.9926022657589307,0.00031220206523344655,0.00018687363761285154,0.00640629685828488,0.0004476015272164109,3.245111072318979e-05,1.3428045816492326e-05,6.311732445538258e-05,0.0005315268135694879,0.0,0.0,0.0
2020-08-24,0.9925306495145761,0.00032003509195973375,0.00018799264143089256,0.006454414022460645,0.0004655055883050673,2.5737087814943625e-05,1.6785057270615407e-05,6.31511714236866e-05,0.0005438358555679392,0.0,0.0,0.0
2020-08-25,0.9924221061442262,0.0003625572370452928,0.00019246865670305668,0.006502531186636409,0.0004744576188493955,2.9094099269066708e-05,1.7904061088656435e-05,6.317672045576974e-05,0.0005583829052024725,0.0,0.0,0.0
2020-08-26,0.9923392998616911,0.0003737472752257031,0.0001980636757932618,0.006555124366084337,0.0004867666608478468,3.133210690514876e-05,1.6785057270615407e-05,6.31948374323752e-05,0.0005796439777452521,0.0,0.0,0.0
2020-08-27,0.99225425557152,0.00036927125995353896,0.00023722880942469776,0.006614431568440511,0.00047669562648547755,2.797509545102568e-05,2.1261072542779514e-05,6.32069059405862e-05,0.00057740597010917,0.0,0.0,0.0
2020-08-28,0.9921322841553535,0.000411793405039098,0.00024394283233294392,0.006681571797522973,0.00047893363412155964,3.133210690514876e-05,2.1261072542779514e-05,6.321445822004441e-05,0.0005807629815632931,0.0,0.0,0.0
2020-08-29,0.9920338118193659,0.00041067440122105695,0.00025737087814943624,0.006746474018969353,0.0004990757028462981,3.133210690514876e-05,2.2380076360820542e-05,6.321889797610084e-05,0.0006009050502880315,0.0,0.0,0.0
2020-08-30,0.9919442915139226,0.00040507938213085184,0.0002685609163298465,0.006804662217507486,0.0005203367753890776,3.580812217731287e-05,2.2380076360820542e-05,6.322135920237571e-05,0.0006277611419210162,0.0,0.0,0.0
2020-08-31,0.9918659612466598,0.0003916513363143595,0.00027079892396592855,0.006865088423681702,0.0005483118708401033,3.6927125995353894e-05,2.2380076360820542e-05,6.322265587440009e-05,0.0006568552411900829,0.0,0.0,0.0
2020-09-01,0.9917529418610377,0.0004196264317653852,0.0002685609163298465,0.0069478947062167375,0.0005483118708401033,4.028413744947698e-05,2.349908017886157e-05,6.32233368388631e-05,0.0006769973099148214,0.0,0.0,0.0
2020-09-02,0.9916477555021418,0.0004151504164932211,0.0002931790003267491,0.007013915931481159,0.0005650969281107187,4.028413744947698e-05,2.5737087814943625e-05,6.322376257502656e-05,0.0006803543213689445,0.0,0.0,0.0
2020-09-03,0.9915369741241558,0.0004073173897669339,0.00031891608814169276,0.007088889187289907,0.0005818819853813342,4.028413744947698e-05,2.6856091632984652e-05,6.322419461067916e-05,0.0007049724053658471,0.0,0.0,0.0
2020-09-04,0.9914004556583547,0.0004476015272164109,0.0003010120270530363,0.007143720374373917,0.0006344751648292624,4.4760152721641084e-05,2.9094099269066708e-05,6.322487993761738e-05,0.0007497325580874882,0.0,0.0,0.0
2020-09-05,0.9912796032460063,0.0004834096493937237,0.00027415593542005163,0.0072186936301826665,0.0006691642831885342,4.811716417576417e-05,2.797509545102568e-05,6.322612459092667e-05,0.0008079207566256216,0.0,0.0,0.0
2020-09-06,0.9911833689176548,0.0004453635195803288,0.00032339210341385683,0.007300380908899661,0.0006658072717344112,5.2593179447928274e-05,3.0213103087107732e-05,6.322835382906944e-05,0.0008056827489895395,0.0,0.0,0.0
2020-09-07,0.991080420566395,0.0004397685004901237,0.00033682014923034915,0.007368640141800164,0.0006837113328230675,5.930720235617444e-05,3.245111072318979e-05,6.323215462941589e-05,0.0008291818291684012,0.0,0.0,0.0
2020-09-08,0.9909271170433234,0.0004968376952102161,0.00031444007286952864,0.007457041443425405,0.0007116864282740933,5.930720235617444e-05,3.468911835927184e-05,6.323824991913546e-05,0.000863870947527673,0.0,0.0,0.0
2020-09-09,0.9907928365851584,0.0005147417562988725,0.00032339210341385683,0.007540966729778482,0.0007329475008168727,6.154520999225649e-05,3.468911835927184e-05,6.324745031949266e-05,0.0008963220582508628,0.0,0.0,0.0
2020-09-10,0.9906697461651739,0.0005080277333906263,0.0003424151683205543,0.007622654008495477,0.0007609225962678985,6.490222144637958e-05,3.245111072318979e-05,6.32605347999587e-05,0.0009198211384297243,0.0,0.0,0.0
2020-09-11,0.9905276326802827,0.0005147417562988725,0.00037262827140766203,0.007714412321574841,0.0007732316382663498,6.490222144637958e-05,3.3570114541230815e-05,6.327809428981424e-05,0.0009388442033364218,0.0,0.0,0.0
2020-09-12,0.9903765671648471,0.0005438358555679392,0.0003670332523174569,0.007793861592655754,0.0008168727871699498,6.714022908246163e-05,3.580812217731287e-05,6.330038183921504e-05,0.0009768903331498168,0.0,0.0,0.0
2020-09-13,0.9902780948288595,0.0005102657410267084,0.0003871753210421954,0.007891214924825323,0.000823586810078196,6.937823671854368e-05,4.1403141267518005e-05,6.332722524138986e-05,0.0010160554667812526,0.0,0.0,0.0
2020-09-14,0.9901617184317832,0.0005113847448447494,0.00036367624086333384,0.007991925268449015,0.0008549189169833447,7.609225962678985e-05,4.1403141267518005e-05,6.33580450317912e-05,0.0010440305622322784,0.0,0.0,0.0
2020-09-15,0.9899759637979885,0.0005695729433828828,0.0003670332523174569,0.008098230631162913,0.0008750609857080833,7.273524817266677e-05,4.252214508555903e-05,6.339199075430706e-05,0.0010787196805915502,0.0,0.0,0.0
2020-09-16,0.9898439213474597,0.0005863580006534982,0.0003826993057700313,0.008200059978604648,0.000862751943709632,8.168727871699498e-05,4.364114890360006e-05,6.34281362741285e-05,0.001070886653865263,0.0,0.0,0.0
2020-09-17,0.9896693567518452,0.0006311181533751394,0.00038829432486023644,0.00831307936422679,0.0008683469627998371,8.392528635307704e-05,4.699816035772314e-05,6.346564467116543e-05,0.0010932667302260834,0.0,0.0,0.0
2020-09-18,0.9895238862554999,0.0006232851266488521,0.00040507938213085184,0.00844400281093759,0.0008683469627998371,8.392528635307704e-05,5.2593179447928274e-05,6.350389375492073e-05,0.0011010997569523707,0.0,0.0,0.0
2020-09-19,0.9893437266407953,0.0006669262755524521,0.00041291240885713904,0.008557022196559735,0.0008840130162524114,7.944927108091293e-05,5.7069194720092384e-05,6.354247264392683e-05,0.0011066947760425758,0.0,0.0,0.0
2020-09-20,0.9892374212780815,0.0005997860464699906,0.00045207754248857495,0.008674517597454042,0.0008963220582508628,8.504429017111806e-05,5.595019090205136e-05,6.358112661866747e-05,0.0011346698714936015,0.0,0.0,0.0
2020-09-21,0.9891042598237345,0.0005595019090205136,0.00048005263793960063,0.008785298975440104,0.0009354871918822987,8.056827489895396e-05,5.595019090205136e-05,6.361973606224421e-05,0.001153692936400299,0.0,0.0,0.0
2020-09-22,0.9888659120104918,0.0006512602220998778,0.00045991056921486215,0.008898318361062248,0.000990318378966309,8.168727871699498e-05,5.3712183265969305e-05,6.36583781895659e-05,0.0012107621311203914,0.0,0.0,0.0
2020-09-23,0.9886432302507017,0.0007228764664545035,0.00045543455394269803,0.009002385716140064,0.0010395545469601142,8.280628253503601e-05,5.483118708401033e-05,6.369750893209877e-05,0.0012488082609337862,0.0,0.0,0.0
2020-09-24,0.9884485235863625,0.0007519705657235702,0.0004610295730329032,0.00915009422012148,0.0010507445851405245,8.392528635307704e-05,5.483118708401033e-05,6.373816647612319e-05,0.0012991634327456326,0.0,0.0,0.0
2020-09-25,0.9882258418265724,0.0007978497222632524,0.000493480683756093,0.009279898663014239,0.0010641726309570168,8.280628253503601e-05,5.7069194720092384e-05,6.378209393413072e-05,0.0012980444289275915,0.0,0.0,0.0
2020-09-26,0.9879662329407868,0.0008694659666178781,0.0005024327143004211,0.009396275060090505,0.001120122821859068,8.840130162524115e-05,5.8188198538133415e-05,6.383163279881578e-05,0.001356232627465725,0.0,0.0,0.0
2020-09-27,0.9877995013718986,0.0008146347795338677,0.0005494308746581444,0.009551816590798208,0.0011335508676755604,9.287731689740525e-05,5.930720235617444e-05,6.388938041895427e-05,0.001403230787823448,0.0,0.0,0.0
2020-09-28,0.9876115087304678,0.0008157537833519088,0.0005718109510189649,0.009698406090961582,0.001149216921128135,9.287731689740525e-05,6.154520999225649e-05,6.395762054198272e-05,0.0014200158450940635,0.0,0.0,0.0
2020-09-29,0.9873093776995967,0.0009287731689740526,0.0005650969281107187,0.009836043560580628,0.0012051671120301862,9.511532453348731e-05,6.154520999225649e-05,6.403782533078495e-05,0.0014647759978157046,0.0,0.0,0.0
2020-09-30,0.9870408167832668,0.000983604356058063,0.0006031430579241136,0.009981514056925963,0.001236499218935335,9.511532453348731e-05,6.0426206174215464e-05,6.413028960741788e-05,0.0014905130856306481,0.0,0.0,0.0
2020-10-01,0.9867565898134845,0.001025007497325581,0.0006534982297359598,0.010139293595269747,0.0012700693334765658,9.735333216956936e-05,5.930720235617444e-05,6.423414379803267e-05,0.0015453442727146585,0.0,0.0,0.0
2020-10-02,0.9864611728055216,0.0010854337034997964,0.0006814733251869856,0.010302668152703738,0.0013114724747440838,0.00010406735507781553,5.483118708401033e-05,6.434772044818566e-05,0.0015945804407084636,0.0,0.0,0.0
2020-10-03,0.9861388997059258,0.0011570499478544222,0.000701615393911724,0.010450376656685153,0.0013886837381889147,0.00010966237416802066,5.483118708401033e-05,6.446908679617497e-05,0.0016673156888811305,0.0,0.0,0.0
2020-10-04,0.9858591487514156,0.0011626449669446272,0.0007329475008168727,0.010611513206483061,0.0014625379901796224,0.00011413838944018477,5.8188198538133415e-05,6.45966275650728e-05,0.0017512409752342075,0.0,0.0,0.0
2020-10-05,0.985597301857994,0.0011301938562214373,0.0007888976917189241,0.010777125771553132,0.0015363922421703304,0.00011301938562214374,5.8188198538133415e-05,6.472939811520554e-05,0.0018318092501331614,0.0,0.0,0.0
2020-10-06,0.98521684055986,0.0012432132418435811,0.0008056827489895395,0.010956166382439696,0.0015956994445265047,0.00012644743143863606,5.7069194720092384e-05,6.486730434395851e-05,0.0019079015097599513,0.0,0.0,0.0
2020-10-07,0.984890091444992,0.0012510462685698684,0.0008448478826209755,0.01115646806586904,0.0016740297117893766,0.00012868543907471812,5.595019090205136e-05,6.501102817926264e-05,0.0020041358381114797,0.0,0.0,0.0
2020-10-08,0.9844995591124956,0.001321543509106453,0.000862751943709632,0.011338865688209729,0.0017926441165017255,0.00012644743143863606,5.930720235617444e-05,6.51618490679556e-05,0.0021171552237336235,0.0,0.0,0.0
2020-10-09,0.9841246928334519,0.0013786127038265454,0.0009108691078853961,0.01154700039836536,0.0018452372959496537,0.00013428045816492326,6.0426206174215464e-05,6.532147391717191e-05,0.0022122705482671107,0.0,0.0,0.0
2020-10-10,0.9836748532985995,0.0014737280283600327,0.0009813663484219807,0.011784229207790056,0.0018776884066728436,0.00014323248870925148,6.60212252644206e-05,6.549185048580187e-05,0.002270458746805244,0.0,0.0,0.0
2020-10-11,0.9832910349890114,0.0015397492536244534,0.0009086311002493141,0.012022577021032797,0.002022039899200136,0.00015106551543553866,6.60212252644206e-05,6.567493110943033e-05,0.0024092152202423315,0.0,0.0,0.0
2020-10-12,0.9829763151651874,0.0014678532583153174,0.0009953538961474937,0.012273233876273985,0.0020695975614668798,0.00014910725875396687,6.909848576403343e-05,6.587247338760288e-05,0.0024791529588698955,0.0,0.0,0.0
2020-10-13,0.9824957030253387,0.0015940209387994432,0.0010154959648722322,0.012547110060739526,0.0021213514880512774,0.00015330352307162072,7.301499912717702e-05,6.608579703214432e-05,0.0025647567509500344,0.0,0.0,0.0
2020-10-14,0.9820567737777122,0.0016536078921101278,0.0010641726309570168,0.012807837950343086,0.0021803789394529414,0.0001586187912073156,7.888976917189242e-05,6.631571281145087e-05,0.0026226651985336575,0.0,0.0,0.0
2020-10-15,0.9815870719250894,0.0017369736765541844,0.0010901894697264707,0.013070803847582729,0.0022707384977597544,0.00016001754597986688,8.420503730758729e-05,6.656256178383399e-05,0.002715822266385573,0.0,0.0,0.0
2020-10-16,0.9811053407814228,0.0018155836947715666,0.0011405446415383169,0.013337966009140024,0.0023431939949779108,0.00016729107079713356,9.06393092613232e-05,6.682627709996157e-05,0.002804223568010814,0.0,0.0,0.0
2020-10-17,0.9805998308066227,0.0018720933875826385,0.0012194344107102093,0.013637859032375018,0.002399703687788983,0.00017400509370537972,9.735333216956936e-05,6.710658275145816e-05,0.0029001781454078323,0.0,0.0,0.0
2020-10-18,0.9801592230532691,0.0018578260889026154,0.0012759441035212812,0.013928800025065686,0.002498176023776593,0.00017848110897754384,0.00010154959648722322,6.740303044861556e-05,0.0029944542170777886,0.0,0.0,0.0
2020-10-19,0.9796783311624659,0.0018958722187160102,0.0013025204441997557,0.014224217033028516,0.002610076405580696,0.00018743313952187206,0.00010210909839624373,6.771489917657153e-05,0.003121181399470935,0.0,0.0,0.0
2020-10-20,0.979025392434639,0.0020788293429657182,0.0013472805969213966,0.014540335611625106,0.0027032334734326115,0.00019974218152032334,0.00010546610985036681,6.804114508217236e-05,0.0032487478347276123,0.0,0.0,0.0
2020-10-21,0.9784158151047612,0.002182057445180003,0.0014068675502320815,0.01488191152708213,0.002802824813238263,0.00020505744965601823,0.00010630536271389758,6.838030526075251e-05,0.003370999001848594,0.0,0.0,0.0
2020-10-22,0.9777642751317067,0.0023079453747096184,0.001475126783132584,0.015210339147677172,0.0029150049459968756,0.00021624748783642848,0.0001113408798950822,6.87310167552725e-05,0.0034884944027429024,0.0,0.0,0.0
2020-10-23,0.9770808435498382,0.0024380295685568877,0.001544784770805638,0.015565902610859708,0.003033059848800204,0.0002226817597901644,0.0001152573932582258,6.90928255861293e-05,0.003639559918178441,0.0,0.0,0.0
2020-10-24,0.9763423010299311,0.0025974876126277345,0.001617799769932815,0.015922585077860287,0.00317013781651023,0.0002291160317439003,0.00012113216330294119,6.946734590334793e-05,0.0037836316597512232,0.0,0.0,0.0
2020-10-25,0.9757316046962352,0.0025658757547680753,0.0017269026421918151,0.016317313674674257,0.0032918294817221917,0.00023918706610626955,0.00012728668430216685,6.985942698220733e-05,0.003955958247729542,0.0,0.0,0.0
2020-10-26,0.9750381020800043,0.0026456047768034984,0.0017730615496860075,0.01672407156253217,0.003441496242385179,0.000247299843787067,0.00013064369575628993,7.027793181284066e-05,0.004122410065663144,0.0,0.0,0.0
