,T_in,T_out,heatPower,HGloHor
0,22.14125,2.62339366666667,249.677419354839,-4.505482
1,22.0693125,2.55930533333333,3634.0,-4.787074
2,21.9624375,2.57938689655172,3599.31034482759,-4.5880172413793
3,21.8809375,2.47538366666667,3589.33333333333,-4.470283
4,21.822187500000002,2.253621,3580.0,-4.399885
5,21.753,2.13969066666667,3767.33333333333,-4.435084
6,21.6885,2.07532103448276,3720.0,-4.5880175862069
7,21.6373125,1.94743,3720.66666666667,-4.540681
8,21.605687500000002,1.81976233333333,3732.66666666667,-4.294288
9,21.5725,1.66438724137931,3646.0,-4.296715517241299
10,21.535062500000002,1.54968,3619.31034482759,-4.294288
11,21.502000000000002,1.59698566666667,3620.0,-4.294288
12,21.4748125,1.64334034482759,3630.0,-4.3695410344827
13,21.439,1.604616,3769.03225806452,-4.294288
14,21.400062499999997,1.503397,3776.66666666667,-4.294288
15,21.371624999999998,1.3555275862069,3770.34482758621,-4.22389
16,21.356562500000003,1.28010933333333,3760.0,-4.329487
17,21.3400625,1.21602466666667,3760.0,-4.329487
18,21.335812500000003,1.17431666666667,3762.58064516129,-4.22389
19,21.3254375,1.18347034482759,3762.0,-4.333128275862
20,21.313625000000002,1.260275,3778.62068965517,-4.294288
21,21.304875,1.3208,3690.66666666667,-4.364686000000001
22,21.280875,1.32658827586207,3659.33333333333,-4.5880175862069
23,21.2614375,1.32639533333333,3568.38709677419,-4.5054816666666
24,21.2418125,1.274516,3558.0,-4.646278000000001
25,21.2161875,1.32237862068966,3363.44827586207,-4.4423665517241
26,21.198124999999997,1.26841266666667,3338.70967741935,-4.470283
27,21.219125000000002,1.196187,3339.31034482759,-4.505482
28,21.256625,1.12294633333333,3340.0,-4.681477
29,21.309187499999997,1.0450875862069,3338.06451612903,-4.4787793103448
30,21.360062499999998,0.926106866666667,3332.41379310345,-4.22389
31,21.4144375,0.612284333333333,3338.66666666667,-4.22389
32,21.4611875,0.370546586206897,3340.0,-4.22389
33,21.509000000000004,0.4790242,3340.0,-4.22389
34,21.548062499999997,0.575750862068966,3340.0,-4.2603027586206
35,21.5829375,0.782674133333333,3340.0,-4.435084
36,21.6114375,1.07360896666667,3340.0,-4.470283
37,21.6386875,1.14328966666667,30.6666666666667,-4.1886876666666
38,21.5803125,1.06403103448276,36.551724137931,-3.5320396551724
39,21.436687499999998,0.9998566,36.6666666666667,-4.2942863333333
40,21.252812499999997,1.01460746666667,33.3333333333333,-4.7870736666666
41,21.0536875,1.14453551724138,3086.45161290323,-3.4228010344827
42,20.92225,1.299437,3364.13793103448,-4.4702796666666
43,20.905875,1.36251066666667,3359.33333333333,-4.5054793333333
44,20.937375,1.3208,3360.0,-4.2967120689655
45,20.98225,1.27248066666667,3732.66666666667,-4.188687
46,21.016750000000002,1.21958533333333,3700.0,-4.259085
47,21.033187499999997,1.24924413793103,3710.0,-4.3695368965517005
48,21.0315,1.22212866666667,3724.66666666667,-4.3646833333333
49,21.019374999999997,1.19923866666667,154.666666666667,-4.0478903333333
50,20.9419375,1.12033379310345,33.1034482758621,-4.0054089655172005
51,20.796999999999997,1.07716866666667,33.3333333333333,-4.399881333333299
52,20.622312499999996,1.020708,38.6666666666667,-4.1534876666666
53,20.443125000000002,0.982054833333333,34.6666666666667,-4.3294836666666
54,20.2686875,0.960904,35.3333333333333,-4.0418220689655
55,20.101625,0.920511833333333,35.3333333333333,-3.5551013333333
56,19.940625,0.815226266666667,32.6666666666667,-3.8718950000000003
57,19.793125,0.734652827586207,3217.33333333333,-3.9325837931033996
58,19.712750000000003,0.6560262,3398.66666666667,-4.1534876666666
59,19.751499999999997,0.6239824,3399.33333333333,-4.259085
60,19.834875,0.620474793103448,3400.0,-3.8961693103448
61,19.946875,0.6117756,3400.0,-3.8366946666665998
62,20.0528125,0.618387633333333,3392.66666666667,-4.08309
63,20.155625,0.582591103448276,3382.66666666667,-4.2238862068965
64,20.251187499999997,0.550232,3388.66666666667,-4.3646836666666
65,20.34225,0.513102266666667,3592.0,-3.9774930000000004
66,20.3975,0.399485586206897,3602.58064516129,-3.8597579310344
67,20.4211875,0.224711133333333,3600.0,-3.3439066666666
68,20.425625,0.11535638,3600.0,-3.2031093333333
69,20.412125000000003,0.0594075666666667,3741.33333333333,-3.3439066666666
70,20.382062500000004,0.0222252086206897,3733.33333333333,-3.2771489655172004
71,20.3595,0.0054931613333333,3723.33333333333,-4.0478933333333
72,20.349,-0.0204467733333333,3719.33333333333,-4.0478933333333
73,20.335625,-0.0572256896551724,280.666666666667,-3.2407362068965
74,20.263937499999997,-0.101318273333333,32.0,-3.273508
75,20.1253125,-0.219319533333333,31.3333333333333,-3.273508
76,19.964374999999997,-0.311889586206897,37.3333333333333,-3.6048672413793
77,19.8005,-0.394287066666667,3319.33333333333,-4.083092666666601
78,19.704062500000003,-0.464986166666667,3378.0,-4.1886906666665995
79,19.708312499999998,-0.478157655172414,3370.32258064516,-4.0782375862069005
80,19.773875,-0.443623766666667,3363.44827586207,-3.273508
81,19.849999999999998,-0.3708902,182.666666666667,-3.16791
82,19.8484375,-0.328726965517241,35.3333333333333,-3.16791
83,19.754625,-0.342915766666667,35.3333333333333,-3.16791
84,19.617624999999997,-0.4227703,31.3333333333333,-3.16791
85,19.46725,-0.483805233333333,3638.0,-3.16791
86,19.364499999999996,-0.567605862068966,3706.0,-3.16791
87,19.3405625,-0.596211966666667,3700.0,-3.16791
88,19.3496875,-0.638427666666667,3700.0,-3.2383086666666
89,19.3735,-0.676522448275862,3408.27586206897,-3.16791
90,19.4046875,-0.6536866,3354.66666666667,-3.16791
91,19.467187499999998,-0.699462933333333,3348.0,-3.2031093333333
92,19.550750000000004,-0.82647924137931,3340.0,-4.0054113793103
93,19.631375,-0.913085733333333,3698.66666666667,-3.9070959999999997
94,19.688125,-0.927836,3679.33333333333,-3.4495046666666
95,19.7221875,-0.925924206896552,3675.33333333333,-3.16791
96,19.737250000000003,-0.933939566666667,3660.0,-3.2383086666666
97,19.7431875,-0.988362166666667,3412.0,-3.2031093333333
98,19.749437500000003,-0.994465166666667,3329.33333333333,-3.16791
99,19.7868125,-1.05483413793103,3320.0,-3.2407362068965
100,19.836,-1.07737333333333,3317.33333333333,-3.2031093333333
101,19.898625,-1.03617133333333,3320.0,-3.16791
102,19.952374999999996,-1.04062655172414,3308.66666666667,-3.2771493103447997
103,20.0030625,-1.085512,3300.0,-3.16791
104,20.04775,-1.09365066666667,3300.0,-3.16791
105,20.0866875,-1.10219068965517,3646.45161290323,-2.5488931034482003
106,20.1019375,-1.1969,3661.33333333333,-1.2671640000000002
107,20.095812499999997,-1.244203,3668.0,1.0207709999999999
108,20.0735,-1.24899103448276,3653.79310344828,2.8037831034482
109,20.04675,-1.28641533333333,3537.33333333333,4.751875
110,20.000375,-1.331178,3504.66666666667,7.532595333333299
111,19.9655,-1.39631379310345,3498.66666666667,10.013513793103401
112,19.930749999999996,-1.39253607142857,3492.66666666667,12.030537142857101
113,19.893375000000002,-1.397295,3490.66666666667,16.2619566666667
114,19.8646875,-1.40683655172414,3490.66666666667,16.385755172413802
115,19.8288125,-1.404416,3480.0,20.34504
116,19.7974375,-1.36525533333333,3495.33333333333,21.1194
117,19.7659375,-1.281329,3496.12903225806,20.27468
118,19.73475,-1.25530103448276,3481.37931034483,22.0661586206897
119,19.7034375,-1.25284666666667,3472.25806451613,30.623170000000002
120,19.682812499999997,-1.25386333333333,3551.03448275862,41.99246
121,19.6604375,-1.22531482758621,228.666666666667,56.294210344827604
122,19.590625000000003,-1.10788866666667,32.9032258064516,77.6139166666667
123,19.470062499999997,-0.894266666666667,31.3333333333333,101.09163333333301
124,19.3315625,-0.802801586206897,32.4137931034483,97.40421379310341
125,19.202125,-0.640970833333333,3495.48387096774,118.339233333333
126,19.137937500000003,-0.373433366666667,3574.48275862069,166.104333333333
127,19.187250000000002,-0.036705215862069,3560.0,205.55024137931
128,19.277875,0.0914509566666667,3559.33333333333,165.7524
129,19.359687500000003,0.032450404,3365.33333333333,116.33300000000001
130,19.411749999999998,-0.136676710344828,3335.33333333333,110.25799655172399
131,19.487875,-0.0855509066666667,3320.0,98.8036666666667
132,19.57575,-0.151163853333333,3318.66666666667,98.6629466666667
133,19.65925,-0.105632813793103,156.0,105.961137931034
134,19.66225,-0.0229898946666667,34.1935483870968,115.8754
135,19.575875,0.030415852,30.6666666666667,111.8626
136,19.450687499999997,0.111673144827586,30.3448275862069,96.78520689655171
137,19.3018125,0.169271033333333,34.0,93.8055
138,19.1500625,0.206400633333333,29.3333333333333,97.0437433333333
139,19.0055625,0.289815366666667,30.9677419354839,111.1234
140,18.870187499999997,0.356866172413793,33.3333333333333,116.120586206897
141,18.7423125,0.425618333333333,3576.66666666667,131.5388
142,18.6783125,0.463256833333333,3526.89655172414,156.5656
143,18.694625000000002,0.54786424137931,3501.29032258065,148.928413793103
144,18.7408125,0.573120166666667,3500.0,136.0088
145,18.797499999999996,0.500386433333333,3500.0,145.05519999999999
146,18.8555,0.541550586206897,3500.0,157.08510344827602
147,18.919375000000002,0.591430666666667,3500.0,157.79760000000002
148,18.977687500000002,0.7450358,3500.0,156.3896
149,19.034125,0.79358324137931,3655.33333333333,185.268379310345
150,19.072812499999998,0.8304853,3621.33333333333,184.3374
151,19.118937499999998,0.812174633333333,3620.0,182.7182
152,19.1721875,0.86093251724138,3620.0,189.055413793103
153,19.222750000000005,0.892028833333333,3318.66666666667,184.3374
154,19.286625,0.913899566666667,3296.66666666667,176.2062
155,19.393687500000002,0.9423824,3285.33333333333,219.501366666667
156,19.53075,1.10928137931034,3289.33333333333,224.81275862069
157,19.654375,1.19923866666667,40.6666666666667,191.6942
158,19.679687500000004,1.23026733333333,30.0,179.2686
159,19.61275,1.28081310344828,26.0,206.75175862069
160,19.4965625,1.373188,29.3333333333333,197.9244
161,19.3685625,1.39200633333333,3568.0,194.5454
162,19.2838125,1.40235448275862,3514.66666666667,208.062689655172
163,19.2718125,1.48,3500.0,229.63863333333302
164,19.3031875,1.63004533333333,3501.29032258065,268.287166666667
165,19.3434375,1.741437,108.666666666667,246.956533333333
166,19.3225,1.65596931034483,31.3333333333333,203.54779310344802
167,19.239312499999997,1.69362533333333,33.3333333333333,215.6292
168,19.132187499999997,1.792806,28.6666666666667,228.19559999999998
169,19.032312500000003,1.81486827586207,3246.0,233.624896551724
170,18.9966875,1.82179766666667,3317.33333333333,244.63306666666702
171,19.071125,2.065939,3310.66666666667,256.56576666666695
172,19.2050625,2.02586310344828,3310.34482758621,258.785827586207
173,19.347875,1.931151,3542.58064516129,265.154533333333
174,19.462500000000002,1.93928866666667,3520.68965517241,243.7887
175,19.548875000000002,2.01375965517241,3514.1935483871,229.983517241379
176,19.616,2.14680933333333,3519.33333333333,224.4996
177,19.668312500000006,2.196654,3341.33333333333,222.1412
178,19.719125,2.14319827586207,3318.0,209.66475862069
179,19.792187499999997,2.08577466666667,3310.66666666667,195.39020000000002
180,19.874062499999997,2.074584,3304.0,170.469033333333
181,19.948625,2.174783,3546.66666666667,180.4654
182,20.0114375,2.22685551724138,3521.33333333333,169.465172413793
183,20.039687500000003,2.19055266666667,3520.0,153.0456
184,20.0561875,2.14070633333333,3520.0,162.901333333333
185,20.0519375,2.17002965517241,3520.0,172.268655172414
186,20.049124999999997,2.220052,3520.0,179.691
187,20.055187500000002,2.29329233333333,3522.0,215.031133333333
188,20.0703125,2.41259310344828,3520.66666666667,237.630413793103
189,20.081,2.36195833333333,3337.33333333333,215.207133333333
190,20.096125,2.481995,3320.0,189.68779999999998
191,20.15425,2.39312379310345,3312.0,157.01206896551702
192,20.225875,2.31516333333333,3316.66666666667,141.676
193,20.287,2.35941666666667,3648.0,138.2264
194,20.3344375,2.23895862068966,3660.0,139.533655172414
195,20.366624999999996,2.329916,3660.0,149.8776
196,20.3870625,2.30753566666667,3660.0,145.5128
197,20.388125000000002,2.20377533333333,3660.0,123.0561
198,20.386312500000003,2.20581034482759,3660.0,114.627620689655
199,20.3845625,2.204284,3659.33333333333,108.5186
200,20.379875,2.202758,3672.0,106.0546
201,20.369375,2.13846344827586,3661.33333333333,99.69816551724139
202,20.3678125,2.144268,3662.66666666667,91.4823533333333
203,20.361874999999998,2.097472,3672.0,88.03282666666671
204,20.360375,2.1000524137931,3695.33333333333,85.60652758620691
205,20.3515625,2.08730066666667,151.333333333333,88.6312166666667
206,20.287375,2.03491133333333,36.0,92.5031133333333
207,20.163812500000002,2.02533724137931,34.6666666666667,89.83042758620691
208,20.0145,2.01253533333333,27.3333333333333,87.2232533333333
209,19.8595,1.95810933333333,3756.0,82.7529633333333
210,19.761312500000003,1.92904586206897,3706.0,80.3994620689655
211,19.741875000000004,1.96065266666667,3700.0,86.2024866666667
212,19.765750000000004,1.98354266666667,3700.0,89.9335966666667
213,19.797250000000002,1.95607466666667,3608.66666666667,84.6185166666667
214,19.8225,1.96745827586207,3581.33333333333,73.8087655172414
215,19.843249999999998,1.904702,3580.66666666667,61.03516
216,19.8565625,1.889953,3590.66666666667,51.1442233333333
217,19.8715,1.86643655172414,34.0,69.2207551724138
218,19.816437500000003,1.874697,34.0,91.3063433333333
219,19.698875,1.90826233333333,33.3333333333333,77.5083066666667
220,19.56175,1.90168517241379,35.3333333333333,59.8262551724138
221,19.4114375,1.919452,35.3333333333333,46.181149999999995
222,19.270125,1.84672133333333,36.6666666666667,38.5429566666667
223,19.133125000000003,1.82644482758621,32.0,35.9758310344828
224,19.0023125,1.822814,31.0344827586207,34.1430833333333
225,18.8804375,1.803485,3660.64516129032,30.37677
226,18.816374999999997,1.77144366666667,3720.66666666667,24.6393266666667
227,18.8415625,1.73594724137931,3696.66666666667,19.5900931034483
228,18.892125,1.70328733333333,3681.33333333333,15.7339733333333
229,18.957625,1.66284916666667,3660.0,12.4076833333333
230,19.021687500000002,1.66208666666667,3634.66666666667,12.2845
231,19.085687500000002,1.647339,3640.0,10.9469026666667
232,19.137812500000003,1.60861517241379,3640.0,7.937991379310301
233,19.188375,1.574096,3306.0,4.7166726666666
234,19.237562500000003,1.55629266666667,3280.0,3.379106
235,19.305999999999997,1.50285586206897,3268.0,2.4032420689654996
236,19.3936875,1.47847666666667,3280.0,0.457587
237,19.4756875,1.46219933333333,3597.33333333333,-1.4783579999999998
238,19.5306875,1.444396,3576.0,-2.3583329999999996
239,19.56175,1.44655344827586,3558.0,-3.16791
240,19.574999999999996,1.44337866666667,3546.66666666667,-3.2031093333333
241,19.5630625,1.444396,144.0,-3.4495046666666
242,19.4768125,1.43708172413793,27.3333333333333,-3.6776934482757997
243,19.3309375,1.44337866666667,26.8965517241379,-3.8718966666666
244,19.155499999999996,1.45151733333333,30.9677419354839,-3.9070959999999997
245,18.9875,1.44813206896552,3734.66666666667,-3.8233458620689
246,18.87725,1.433714,3690.0,-3.9774946666666002
247,18.8535,1.42862733333333,3698.66666666667,-3.7662986666666
248,18.8684375,1.43076724137931,3700.0,-3.7505196551724
249,18.893625000000004,1.438292,98.0,-3.801498
250,18.860875,1.43625733333333,35.3333333333333,-3.590302
251,18.764125,1.42761,34.0,-3.9070959999999997
252,18.640812500000003,1.42813620689655,32.0,-3.6776934482757997
253,18.51125,1.42506666666667,3622.66666666667,-3.6607006666666
254,18.4265,1.43167933333333,3620.0,-3.801498
255,18.4100625,1.42813620689655,3618.66666666667,-3.8961720689655
256,18.4324375,1.439818,3622.0,-3.6607006666666
257,18.4578125,1.436766,3786.0,-3.801498
258,18.4905,1.42918862068966,3756.66666666667,-3.6412803448275
259,18.5278125,1.42557533333333,3754.66666666667,-3.5551026666666
260,18.5693125,1.43625733333333,3760.0,-3.5551026666666
261,18.6109375,1.43392448275862,3664.66666666667,-3.7869327586206003
262,18.639187500000002,1.43269666666667,3640.0,-3.7662986666666
263,18.670437500000002,1.444396,3584.0,-3.6959
264,18.6956875,1.44023896551724,3535.33333333333,-3.5320410344827002
265,18.711937499999998,1.45406066666667,3690.0,-3.5199033333333003
266,18.711875000000003,1.45304333333333,3677.33333333333,-3.6607006666666
267,18.7194375,1.45128931034483,3678.0,-3.4956279310344
268,18.734312499999998,1.456604,3680.0,-3.6255013333333
269,18.747562499999997,1.456604,3686.66666666667,-3.6255013333333
270,18.7745625,1.45760379310345,3694.66666666667,-3.6412803448275
271,18.7908125,1.4505,3700.0,-3.590302
272,18.811750000000004,1.44032666666667,3699.35483870968,-3.484704
273,18.828125000000004,1.43339827586207,3631.33333333333,-3.5320410344827002
274,18.835625,1.43473133333333,3582.66666666667,-3.4495046666666
275,18.842937499999998,1.433714,3584.8275862069,-3.6607006666666
276,18.848875000000003,1.43445068965517,3586.45161290323,-3.4592148275862002
277,18.853187499999997,1.43015333333333,3389.33333333333,-3.4495046666666
278,18.865062499999997,1.423032,3362.0,-3.6255013333333
279,18.923062499999997,1.424558,3373.33333333333,-3.484704
280,18.9915625,1.41655965517241,3378.66666666667,-3.5320410344827002
281,19.0688125,1.40878933333333,3380.0,-3.379106
282,19.146375000000003,1.41550724137931,3380.0,-3.3135624137931
283,19.21775,1.42761,3381.33333333333,-3.3439066666666
284,19.2848125,1.42964466666667,3380.66666666667,-3.4495046666666
285,19.3489375,1.42964466666667,3389.33333333333,-3.484704
286,19.4071875,1.43076724137931,3399.33333333333,-3.3863886206896003
287,19.462312499999996,1.44032666666667,3400.0,-3.4143053333333
288,19.511562499999997,1.433714,3401.37931034483,-3.590302
289,19.5503125,1.43339827586207,139.354838709677,-3.3863886206896003
290,19.504062499999996,1.44948266666667,31.3333333333333,-3.484704
291,19.35675,1.45549896551724,30.0,-3.4956279310344
292,19.174812499999998,1.46677733333333,31.3333333333333,-3.590302
293,18.981374999999996,1.47135533333333,3468.66666666667,-3.3439066666666
294,18.8579375,1.47286379310345,3424.0,-3.4228017241379
295,18.846,1.48763233333333,3420.0,-3.379106
296,18.8934375,1.49577133333333,3420.0,-3.3087073333332997
297,18.9589375,1.49285965517241,3802.0,-3.3135624137931
298,19.0080625,1.48610666666667,3780.0,-3.4143053333333
299,19.039374999999996,1.47542466666667,3780.0,-3.6255013333333
300,19.055499999999995,1.48128310344828,3780.0,-3.3499755172413
301,19.055625,1.46982933333333,30.0,-3.3439066666666
302,18.992937499999996,1.46372533333333,31.3333333333333,-3.273508
303,18.8546875,1.45813,35.1724137931034,-3.4228017241379
304,18.693875,1.461182,32.258064516129,-3.484704
305,18.525812499999997,1.47084666666667,30.0,-3.379106
306,18.35175,1.49443827586207,29.3333333333333,-3.3499755172413
307,18.1911875,1.501366,29.3333333333333,-3.484704
308,18.032062500000002,1.50645166666667,34.6666666666667,-3.3087073333332997
309,17.8893125,1.49917379310345,3384.66666666667,-3.3135624137931
310,17.816437500000003,1.50746933333333,3339.33333333333,-3.5551026666666
311,17.8565625,1.50289233333333,3350.0,-3.484704
312,17.957625000000004,1.50180482758621,3355.86206896552,-3.3499755172413
313,18.0735625,1.51408,3360.64516129032,-3.5199033333333003
314,18.195375000000002,1.51662266666667,3366.66666666667,-3.484704
315,18.3084375,1.53543833333333,3349.33333333333,-3.4495046666666
316,18.416999999999998,1.53652586206897,3340.0,-3.3135624137931
317,18.5136875,1.55527533333333,3587.33333333333,-3.379106
318,18.5805625,1.56087066666667,3560.0,-3.3439066666666
319,18.61625,1.54441827586207,3560.0,-3.2771493103447997
320,18.6311875,1.519165,3560.66666666667,-3.273508
321,18.623812500000003,1.50492666666667,3711.33333333333,-3.273508
322,18.609,1.49285965517241,3688.0,-3.3499755172413
323,18.5981875,1.48051133333333,3700.0,-3.379106
324,18.5938125,1.47593333333333,3705.33333333333,-3.273508
325,18.589187499999998,1.48128310344828,130.666666666667,-3.2043231034482
326,18.5298125,1.47288133333333,34.0,-3.2383086666666
327,18.4018125,1.47389866666667,33.3333333333333,-3.4143053333333
328,18.2471875,1.47745933333333,31.0344827586207,-3.3439066666666
329,18.0955625,1.46865413793103,3321.29032258065,-3.3863886206896003
330,18.001875000000002,1.477968,3384.8275862069,-3.2383086666666
331,18.025624999999998,1.476442,3380.0,-3.3439066666666
332,18.111874999999998,1.47549482758621,3380.0,-3.3135624137931
333,18.2040625,1.48102,116.0,-3.2383086666666
334,18.2115,1.477968,31.3333333333333,-3.2383086666666
335,18.134125,1.47181137931034,33.3333333333333,-3.2771493103447997
336,18.0031875,1.47237266666667,34.0,-3.379106
337,17.866437500000004,1.46932066666667,3656.0,-3.273508
338,17.768250000000002,1.453552,3740.0,-3.2031093333333
339,17.7579375,1.45497275862069,3737.33333333333,-3.2407362068965
340,17.787750000000003,1.46067333333333,3725.33333333333,-3.2031093333333
341,17.8278125,1.452026,3429.33333333333,-3.2383086666666
342,17.879937499999997,1.44813206896552,3392.66666666667,-3.16791
343,17.9691875,1.45456933333333,3382.0,-3.3439066666666
344,18.0731875,1.45558666666667,3380.0,-3.273508
345,18.169874999999998,1.45339413793103,3754.66666666667,-3.2771493103447997
346,18.247249999999998,1.47135533333333,3719.33333333333,-3.2383086666666
347,18.291875,1.471864,3716.0,-3.2383086666666
348,18.3245,1.48233551724138,3708.66666666667,-3.16791
349,18.338124999999998,1.47237266666667,3389.33333333333,-3.2383086666666
350,18.358874999999998,1.476442,3356.66666666667,-3.379106
351,18.415375,1.48075689655172,3356.0,-3.3135624137931
352,18.474874999999997,1.49526266666667,3346.66666666667,-3.379106
353,18.547874999999998,1.484072,3344.0,-3.2383086666666
354,18.616125,1.48458066666667,3342.66666666667,-3.2031093333333
355,18.678874999999998,1.49128103448276,3344.0,-3.2407362068965
356,18.739625,1.54611933333333,3340.0,-3.273508
357,18.787374999999997,1.54205,3681.33333333333,-3.379106
358,18.808125,1.53179034482759,3680.0,-3.3135624137931
359,18.808312499999996,1.528828,3680.0,-3.4143053333333
360,18.790437499999996,1.53126482758621,3680.0,-3.2407362068965
361,18.766625,1.47440733333333,3587.33333333333,-3.273508
362,18.7293125,1.43880066666667,3560.0,-3.273508
363,18.7040625,1.43813413793103,3560.0,-3.2771493103447997
364,18.668062499999998,1.479494,3560.0,-3.273508
365,18.6335625,1.5102224137931,3560.0,-3.3863886206896003
366,18.590249999999997,1.540524,3559.33333333333,-3.2383086666666
367,18.560499999999998,1.54917133333333,3558.66666666667,-3.16791
368,18.529125,1.552732,3559.33333333333,-3.2383086666666
369,18.5009375,1.58388344827586,3558.66666666667,-3.3135624137931
370,18.4845625,1.59546,3560.0,-3.273508
371,18.4578125,1.606142,3556.77419354839,-3.273508
372,18.441625000000002,1.60440551724138,3552.0,-3.2771493103447997
373,18.426624999999998,1.60563333333333,134.0,-3.273508
374,18.340500000000002,1.59647733333333,30.6666666666667,-3.3087073333332997
375,18.2036875,1.59703862068966,32.0,-3.2407362068965
376,18.044625,1.61936733333333,28.6666666666667,-3.2383086666666
377,17.885312499999998,1.64072966666667,3517.33333333333,-3.16791
378,17.78575,1.63564433333333,3541.37931034483,-3.3087073333332997
379,17.760375,1.67911724137931,3532.25806451613,-3.2407362068965
380,17.76625,1.685484,3532.0,-3.3439066666666
381,17.788562499999998,1.65544137931034,3344.0,-3.2771493103447997
382,17.818187500000004,1.62496266666667,3319.33333333333,-3.2383086666666
383,17.8880625,1.58070866666667,3306.66666666667,-3.273508
384,17.9774375,1.55336344827586,3309.33333333333,-3.2771493103447997
385,18.0621875,1.53747233333333,27.3333333333333,-3.273508
386,18.0653125,1.55069733333333,29.3333333333333,-3.273508
387,17.9789375,1.5507324137931,28.0,-3.16791
388,17.8434375,1.53137033333333,31.3333333333333,-3.2031093333333
389,17.693187499999997,1.49221066666667,28.0,-3.16791
390,17.5368125,1.49917275862069,27.3333333333333,-3.16791
391,17.382312499999998,1.52781,31.3333333333333,-3.16791
392,17.23925,1.48610633333333,26.0,-3.16791
393,17.1025625,1.4723375862069,3448.66666666667,-3.16791
394,17.020625000000003,1.43625733333333,3524.66666666667,-2.569527
395,17.0220625,1.42918862068966,3520.0,-1.7478124137931
396,17.0575625,1.439818,3520.0,-0.070398
397,17.1035625,1.44643066666667,3520.0,1.0911689999999998
398,17.143562499999998,1.45456933333333,3520.0,3.379108
399,17.1835,1.48707137931034,3520.0,5.1706217241379
400,17.2161875,1.540018,3520.0,6.582223
401,17.247374999999998,1.58335724137931,3667.74193548387,7.4282127586206
402,17.2681875,1.621402,3649.65517241379,9.2925433333333
403,17.2963125,1.64886464285714,3640.64516129032,12.294539285714299
404,17.3351875,1.66911896551724,3640.0,17.004779310344798
405,17.3709375,1.69972666666667,3342.66666666667,20.30987
406,17.423125,1.72437068965517,3300.0,19.1895448275862
407,17.502187499999998,1.72312533333333,3299.33333333333,16.332366666666697
408,17.5945,1.714478,3280.68965517241,19.6763
409,17.679312499999998,1.70174379310345,131.612903225806,17.8058448275862
410,17.6808125,1.71803866666667,27.3333333333333,16.75473
411,17.586937499999998,1.73647344827586,32.6666666666667,17.987924137931
412,17.451625,1.76381633333333,25.3333333333333,26.9976666666667
413,17.30275,1.76686833333333,3535.33333333333,36.9942
414,17.201625,1.77119793103448,3491.33333333333,43.2584206896552
415,17.1776875,1.77195166666667,3500.0,47.1315266666667
416,17.1938125,1.7948724137931,3495.33333333333,58.7338724137931
417,17.2101875,1.81314933333333,132.0,58.95842
418,17.1699375,1.83451333333333,28.0,53.5377533333333
419,17.064125,1.8538075862069,27.3333333333333,54.6920379310345
420,16.939124999999997,1.87673266666667,23.3333333333333,62.5839333333333
421,16.8170625,1.89958103448276,3293.33333333333,58.988744827586196
422,16.758937500000002,1.93521933333333,3271.03448275862,62.61912
423,16.812624999999997,1.96798448275862,3260.0,65.9436172413793
424,16.9168125,1.986086,3260.0,65.18862333333331
425,17.034375,2.02060137931035,3464.66666666667,67.582175862069
426,17.129625,2.063902,3475.86206896552,66.17421666666671
427,17.196625,2.08933533333333,3469.33333333333,62.33751
428,17.2410625,2.10320965517241,3464.66666666667,58.9887724137931
429,17.27225,2.10612133333333,3313.33333333333,65.18865
430,17.301875000000003,2.14162,3357.33333333333,68.6745689655172
431,17.3733125,2.19055,3334.66666666667,77.8954933333333
432,17.4553125,2.22005266666667,3332.66666666667,88.87760999999999
433,17.552000000000003,2.25579862068966,3537.41935483871,103.630655172414
434,17.6236875,2.29634266666667,3508.96551724138,105.91380000000001
435,17.669625,2.33296666666667,3509.33333333333,108.48339999999999
436,17.695,2.40154275862069,3520.0,111.641689655172
437,17.70825,2.42044733333333,3519.31034482759,101.72514000000001
438,17.708312499999998,2.412309,3520.0,109.5042
439,17.7081875,2.40732896551724,3520.0,107.781827586207
440,17.703625,2.42502533333333,3520.0,108.0258
441,17.703562499999997,2.41890379310345,3338.66666666667,105.70624137931
442,17.705062499999997,2.45503666666667,3302.66666666667,122.739
443,17.760249999999996,2.49674733333333,3300.0,147.87120000000002
444,17.8349375,2.54571206896552,3302.58064516129,158.250344827586
445,17.916937500000003,2.61983466666667,3644.0,152.0248
446,17.974874999999997,2.64515827586207,3652.41379310345,136.984689655172
447,18.016624999999998,2.691039,3644.66666666667,138.0504
448,18.0388125,2.72829344827586,3640.0,152.16924137931002
449,18.0595,2.79988433333333,3640.0,153.5736
450,18.072812499999998,2.84299655172414,3640.0,144.34027586206898
451,18.08175,2.87465666666667,3640.0,131.046033333333
452,18.0905625,2.83396333333333,3640.0,126.36500000000001
453,18.0890625,2.83194620689655,3640.0,132.360344827586
454,18.089000000000002,2.78462366666667,3640.0,122.0352
455,18.0876875,2.75360233333333,3650.34482758621,108.6594
456,18.09075,2.70777137931035,3670.0,106.580172413793
457,18.08325,2.71647133333333,214.193548387097,106.5474
458,18.0239375,2.73020533333333,30.3448275862069,102.253133333333
459,17.8974375,2.7461824137931,26.0,101.737224137931
460,17.751749999999998,2.77852366666667,28.3870967741935,104.11864999999999
461,17.6015,2.85532733333333,3592.66666666667,101.47861
462,17.508,2.84825862068966,3648.0,100.390013793103
463,17.4885625,2.82277266666667,3650.34482758621,113.024166666667
464,17.511000000000003,2.78301103448276,3649.67741935484,141.026620689655
465,17.5540625,2.80140866666667,3561.37931034483,150.2296
466,17.589750000000002,2.84247034482759,3524.66666666667,149.438206896552
467,17.6284375,2.892965,3523.33333333333,144.1048
468,17.6671875,2.93772133333333,3541.29032258065,135.48080000000002
469,17.682000000000002,2.91402551724138,153.793103448276,136.875448275862
470,17.634125,2.897542,27.741935483871,139.564
471,17.5300625,2.8982424137931,28.2758620689655,134.76365517241402
472,17.400875,2.892965,25.3333333333333,115.453
473,17.263875,2.936704,31.3333333333333,107.0754
474,17.136000000000003,2.93559896551724,28.6666666666667,103.266517241379
475,17.009500000000003,2.94229933333333,24.6666666666667,106.2658
476,16.8904375,2.96348793103448,26.0,103.521455172414
477,16.7834375,2.95552466666667,3618.70967741935,98.69801
478,16.7268125,2.91178133333333,3685.51724137931,88.98321
479,16.762625,2.90402965517241,3681.33333333333,87.2450965517241
480,16.8295625,2.92297033333333,3694.66666666667,90.88396999999999
481,16.899625,2.93770379310345,3698.66666666667,86.5168655172414
482,16.979812499999998,2.98044933333333,3700.0,87.9272133333333
483,17.0499375,3.05776,3700.0,88.3848133333333
484,17.124374999999997,3.16080172413793,3700.0,79.1614620689655
485,17.1838125,3.20983833333333,3409.03225806452,76.3819266666667
486,17.2449375,3.26235310344828,3365.51724137931,71.4055172413793
487,17.3325625,3.22408066666667,3360.0,66.4558133333333
488,17.427500000000002,3.21390733333333,3360.0,78.84587
489,17.5273125,3.23709551724138,3593.54838709677,82.7663103448276
490,17.607562499999997,3.28969266666667,3580.0,72.3340533333333
491,17.6535,3.32811931034483,3580.0,63.9409068965517
492,17.6728125,3.35225466666667,3580.0,53.748949999999994
493,17.6786875,3.29427066666667,153.103448275862,43.365243333333304
494,17.60425,3.23288586206897,30.3225806451613,42.3481
495,17.4660625,3.23984933333333,29.3333333333333,41.429300000000005
496,17.308374999999998,3.21078586206897,28.2758620689655,36.5220517241379
497,17.1506875,3.147282,3506.66666666667,34.8119
498,17.0525,3.11976137931034,3710.0,32.8079275862069
499,17.043625,3.12693533333333,3700.0,31.960700000000003
500,17.0765625,3.13712620689655,3700.0,36.5584689655172
501,17.1120625,3.150334,136.666666666667,33.4742966666667
502,17.094375,3.17553413793103,29.3333333333333,33.0992379310345
503,17.005062499999998,3.19763,28.9655172413793,33.5094966666667
504,16.8938125,3.20183965517241,29.0322580645161,32.953582758620705
505,16.773125,3.214416,3406.89655172414,33.0519
506,16.709,3.25656344827586,3363.87096774194,32.7351
507,16.764187500000002,3.30189666666667,3260.0,30.97515
508,16.866687499999998,3.30970206896552,3260.0,25.8894862068966
509,16.98275,3.30850933333333,3260.0,21.9642066666667
510,17.095750000000002,3.29223266666667,3260.0,20.2042866666667
511,17.208625,3.28865413793103,3260.0,18.0971620689655
512,17.3098125,3.27392888888889,3250.96774193548,14.0209555555556
513,17.401875,3.28861592592593,3245.51724137931,12.0850333333333
514,17.4851875,3.292741,3248.0,9.8205296666666
515,17.562312499999997,3.27550482758621,3240.0,7.2097362068965
516,17.6261875,3.24747933333333,3220.0,6.159835
517,17.6888125,3.25130310344828,1731.33333333333,5.6075748275862
518,17.6990625,3.232728,1667.33333333333,4.2590889999999995
519,17.661937499999997,3.2118375862069,1660.0,4.2603027586206
520,17.606749999999998,3.24697066666667,1684.66666666667,3.027116
521,17.545749999999998,3.244936,1719.35483870968,0.950373
522,17.490812499999997,3.27971379310345,1702.06896551724,-0.1456510344827
523,17.4384375,3.28104666666667,1701.33333333333,-2.11194
524,17.392625000000002,3.29391689655172,1700.0,-2.221178275862
525,17.3435625,3.287656,1696.0,-2.851119
526,17.303312499999997,3.30180896551724,1689.33333333333,-3.1314972413792996
527,17.272125,3.29630166666667,1700.0,-3.16791
528,17.24675,3.32326066666667,1694.83870967742,-3.2031093333333
529,17.217125,3.35232482758621,1680.0,-3.16791
530,17.190375,3.35785,1680.0,-3.2383086666666
531,17.1724375,3.354798,1680.0,-3.16791
532,17.148687499999998,3.37389931034483,1680.0,-3.16791
533,17.129312499999997,3.353272,1683.44827586207,-3.273508
534,17.108437499999997,3.31207,1690.66666666667,-3.3087073333332997
535,17.0863125,3.25971965517241,1700.0,-3.2407362068965
536,17.066875,3.272401,1700.0,-3.2031093333333
537,17.050375,3.234254,1700.0,-3.273508
538,17.031187499999998,3.27287517241379,1700.0,-3.2771493103447997
539,17.011625,3.27240233333333,1700.0,-3.273508
540,16.990750000000002,3.31180689655172,1700.0,-3.2407362068965
541,16.98025,3.309018,1700.0,-3.3439066666666
542,16.956375,3.31461333333333,1702.66666666667,-3.3087073333332997
543,16.9415,3.34285310344828,1705.16129032258,-3.2043231034482
544,16.9191875,3.35835866666667,1710.0,-3.2031093333333
545,16.899812500000003,3.33443379310345,1720.0,-3.2407362068965
546,16.8848125,3.383283,1720.0,-3.273508
547,16.862625,3.40871,1720.0,-3.3087073333332997
548,16.847624999999997,3.38968551724138,1720.0,-3.2043231034482
549,16.82825,3.41938966666667,1720.0,-3.2031093333333
550,16.8088125,3.41388206896552,1720.0,-3.2407362068965
551,16.7908125,3.42040733333333,1720.0,-3.2031093333333
552,16.7758125,3.44229620689655,1720.0,-3.16791
553,16.7550625,3.412778,1725.33333333333,-3.2383086666666
554,16.7415,3.42396733333333,1740.0,-3.16791
555,16.720374999999997,3.41704,1740.0,-3.2771493103447997
556,16.701125,3.41440896551724,1740.0,-3.16791
557,16.681625,3.41125233333333,1740.0,-3.2383086666666
558,16.660687499999998,3.41328666666667,1740.0,-3.16791
559,16.65025,3.40336206896552,1743.33333333333,-3.16791
560,16.624625,3.39497966666667,1756.0,-3.2031093333333
561,16.612625,3.37412733333333,1759.35483870968,-3.2031093333333
562,16.585874999999998,3.37021586206897,1760.0,-3.2771493103447997
563,16.5709375,3.35988466666667,1760.0,-3.2031093333333
564,16.554375,3.36758482758621,1714.66666666667,-3.2407362068965
565,16.539562500000002,3.36141066666667,1700.0,-3.16791
566,16.523,3.388369,1703.33333333333,-3.2383086666666
567,16.503500000000003,3.38863275862069,1719.31034482759,-3.16791
568,16.488500000000002,3.38124866666667,1716.66666666667,-3.16791
569,16.481187499999997,3.34443172413793,1716.0,-3.16791
570,16.4676875,3.35581533333333,1720.0,-3.2031093333333
571,16.457,3.344116,1720.0,-3.16791
572,16.445,3.36863724137931,1720.0,-3.2043231034482
573,16.428562499999998,3.38023133333333,1726.0,-3.2383086666666
574,16.4151875,3.36232275862069,1740.0,-3.16791
575,16.40025,3.35785,1740.0,-3.16791
576,16.3835,3.38124866666667,1740.0,-3.2031093333333
577,16.3565,3.38021379310345,34.0,-3.16791
578,16.298375,3.38582666666667,29.3333333333333,-3.16791
579,16.1925625,3.35074620689655,34.4827586206897,-3.2043231034482
580,16.0701875,3.32834733333333,30.9677419354839,-3.16791
581,15.937437499999998,3.341064,35.1724137931034,-3.16791
582,15.801874999999999,3.31917379310345,30.3225806451613,-3.16791
583,15.675125000000003,3.30952666666667,33.3333333333333,-3.2031093333333
584,15.5530625,3.29339103448276,30.0,-3.16791
585,15.437187499999999,3.32682133333333,31.7241379310345,-3.2031093333333
586,15.328375,3.33127655172414,34.6666666666667,-3.16791
587,15.222562499999999,3.32987333333333,28.6666666666667,-3.2383086666666
588,15.127249999999998,3.32936466666667,34.8387096774194,-3.2383086666666
589,15.033375000000001,3.33232896551724,1616.66666666667,-3.16791
590,14.972437500000002,3.36191933333333,1627.33333333333,-3.16791
591,14.957937500000003,3.39704896551724,1620.68965517241,-3.2043231034482
592,14.9699375,3.389892,1624.0,-3.2031093333333
593,14.991062500000002,3.29339482758621,1634.0,-3.2043231034482
594,15.018125,3.24697066666667,1630.0,-3.16791
595,15.034812500000001,3.27036766666667,1626.66666666667,-3.16791
596,15.0556875,3.25498655172414,1627.09677419355,-3.2043231034482
597,15.068999999999999,3.24595333333333,1624.8275862069,-3.2031093333333
598,15.083812499999997,3.21552103448276,1637.41935483871,-3.16791
599,15.097312500000001,3.234254,1639.33333333333,-3.2031093333333
600,15.10025,3.22604517241379,1640.68965517241,-3.2407362068965
601,15.107562499999998,3.20068233333333,1646.66666666667,-3.2031093333333
602,15.10125,3.11976137931034,1640.0,-3.2043231034482
603,15.10125,3.04860166666667,1640.0,-3.273508
604,15.0950625,3.033856,1638.66666666667,-3.16791
605,15.0918125,3.01873862068966,1640.66666666667,-3.2043231034482
606,15.085687499999999,3.03436366666667,1639.31034482759,-3.2383086666666
607,15.063000000000002,2.96875,1641.33333333333,-3.2407362068965
608,15.050875000000001,2.95399866666667,1642.58064516129,-3.2383086666666
609,15.034375,2.91087034482759,1641.33333333333,-3.2043231034482
610,15.016000000000002,2.86855266666667,1644.8275862069,-3.027114
611,14.996375,2.86351862068966,1641.93548387097,-2.1847655172413
612,14.976750000000001,2.87567366666667,1640.0,-2.147139
613,14.9615625,2.845154,3316.55172413793,-2.11194
614,14.97625,2.83299862068966,3360.0,-2.1847655172413
615,15.03875,2.819212,3360.0,-2.147139
616,15.134187500000001,2.80931931034483,3351.33333333333,-2.11194
617,15.2385625,2.775979,3356.0,-2.1823379999999997
618,15.335250000000002,2.78195827586207,3348.0,-2.11194
619,15.427437500000002,2.740378,3360.0,-2.11194
620,15.510812500000002,2.741396,3357.93103448276,-2.11194
621,15.592625000000002,2.72987206896552,3358.66666666667,-2.11194
622,15.662437500000001,2.69409,3359.35483870968,-2.217537
623,15.730812499999997,2.66252068965517,3362.06896551724,-3.16791
624,15.7873125,2.645266,3366.66666666667,-3.16791
625,15.8436875,2.604066,3360.0,-3.16791
626,15.897124999999997,2.55412896551724,3360.0,-3.16791
627,15.943,2.56337266666667,3360.0,-3.16791
628,15.989062500000001,2.56938896551724,3360.0,-3.16791
629,16.0201875,2.56082933333333,3360.0,-3.16791
630,16.060250000000003,2.553708,3360.0,-3.16791
631,16.0958125,2.5188824137931,3360.0,-3.16791
632,16.13125,2.53082433333333,3360.0,-3.16791
633,16.1625,2.51730448275862,3360.0,-3.16791
634,16.196562500000002,2.51862,3360.0,-3.16791
635,16.2246875,2.52993068965517,3360.0,-3.16791
636,16.25425,2.54658833333333,3346.0,-3.16791
637,16.287125,2.55991724137931,5226.66666666667,-3.16791
638,16.335,2.568968,5261.93548387097,-3.16791
639,16.395124999999997,2.56845933333333,5262.75862068965,-3.16791
640,16.468687499999998,2.55728620689655,5261.93548387097,-3.16791
641,16.5406875,2.553708,5260.66666666667,-3.16791
642,16.6065625,2.54307896551724,5260.0,-3.16791
643,16.663375,2.51404166666667,5260.0,-3.16791
644,16.718875,2.50204448275862,5260.0,-3.16791
645,16.7664375,2.53082366666667,5260.0,-3.16791
646,16.811374999999998,2.55777733333333,5258.62068965517,-3.16791
647,16.8590625,2.58517517241379,5244.0,-2.11194
648,16.905375,2.59592733333333,5244.0,-2.11194
649,16.9605,2.61118733333333,5244.66666666667,-2.11194
650,17.011125,2.60411862068965,5240.66666666667,-2.11194
651,17.063125,2.55930333333333,5240.0,-2.11194
652,17.1213125,2.55465689655172,5235.33333333333,-2.11194
653,17.17175,2.60254,5240.0,-2.11194
654,17.212125,2.6014875862069,5240.0,-2.11194
655,17.2643125,2.591858,5230.34482758621,-2.11194
656,17.3179375,2.60355733333333,5219.33333333333,-2.11194
657,17.365499999999997,2.60569724137931,5213.33333333333,-2.11194
658,17.4191875,2.591858,5219.35483870968,-2.11194
659,17.4714375,2.58728,5204.0,-2.11194
660,17.523375,2.60674965517241,5211.03448275862,-2.11194
661,17.572625000000002,2.616274,5201.93548387097,-2.11194
662,17.6173125,2.61990482758621,5183.44827586207,-2.11194
663,17.664937499999997,2.623904,5196.0,-2.11194
664,17.715625,2.63712933333333,5173.54838709677,-2.11194
665,17.761875,2.64936827586207,5163.44827586207,-2.11194
666,17.7960625,2.673235,5160.0,-2.11194
667,17.83925,2.67409413793103,5158.66666666667,-2.11194
668,17.878,2.65136933333333,5148.0,-2.11194
669,17.918375,2.66458833333333,5152.66666666667,-2.11194
670,17.962875,2.66830620689655,5120.66666666667,-2.11194
671,18.00025,2.661029,5125.8064516129,-2.11194
672,18.0479375,2.66672931034483,5130.0,-2.11194
673,18.088125,2.66830620689655,3315.86206896552,-2.11194
674,18.121062500000004,2.67781266666667,3352.66666666667,-2.11194
675,18.1359375,2.67221733333333,3344.66666666667,-2.11194
676,18.149312500000004,2.69724724137931,3345.16129032258,-2.11194
677,18.159750000000003,2.70528066666667,3336.66666666667,-2.11194
678,18.170250000000003,2.668658,3315.1724137931,-2.11194
679,18.1791875,2.65515586206897,3306.0,-2.11194
680,18.188000000000002,2.65238633333333,3301.33333333333,-2.11194
681,18.1910625,2.65726,3298.66666666667,-2.11194
682,18.199812500000004,2.649843,3294.83870967742,-2.11194
683,18.2119375,2.64526733333333,3294.48275862069,-2.428731
684,18.220625,2.65252620689655,3269.67741935484,-2.221178275862
685,18.225125000000002,2.65289366666667,3255.86206896552,-2.11194
686,18.2369375,2.61306413793103,3252.66666666667,-0.9467317241379
687,18.241375,2.481994,3278.66666666667,0.6687810000000001
688,18.24275,2.30157275862069,3352.66666666667,2.3304165517241002
689,18.24725,2.20377533333333,3326.45161290323,2.7103230000000003
690,18.25475,2.152914,3316.55172413793,3.0271146666666
691,18.2665,2.12899379310345,3320.66666666667,5.2434472413793
692,18.270875000000004,2.12138133333333,3305.8064516129,10.2781273333333
693,18.2813125,2.12267931034483,3290.66666666667,14.1645965517241
694,18.2901875,2.132572,3284.8275862069,20.48585
695,18.293125,2.15056448275862,3284.66666666667,23.4134275862069
696,18.302125,2.17529,3290.32258064516,29.320806666666698
697,18.3094375,2.21140533333333,3285.51724137931,27.560846666666702
698,18.315375,2.24685413793103,3287.33333333333,25.1612344827586
699,18.32125,2.27549166666667,3270.96774193548,24.8857233333333
700,18.3196875,2.29367689655172,3277.33333333333,17.5874034482759
701,18.32125,2.28788827586207,3288.66666666667,10.741775862069
702,18.3240625,2.291765,3272.66666666667,9.0461523333333
703,18.3269375,2.294308,3264.66666666667,10.13732
704,18.328312500000003,2.29227333333333,3263.33333333333,11.733029629629598
705,18.329749999999997,2.27758148148148,3262.0,13.3365481481481
706,18.338749999999997,2.27417,3257.24137931034,14.530168
707,18.337249999999997,2.28261,3259.35483870968,18.937083333333298
708,18.343249999999998,2.286678,3258.0,20.34505
709,18.344625,2.29367655172414,3274.48275862069,19.0075
710,18.3535,2.28871266666667,3340.0,21.68263
711,18.368375,2.29683379310345,3334.0,23.3041793103448
712,18.38025,2.30051724137931,3328.0,24.432989655172403
713,18.3845625,2.31058533333333,3321.33333333333,25.096923333333297
714,18.396375,2.3115675862069,3316.66666666667,23.522675862069
715,18.408374999999996,2.32025,3315.86206896552,21.96421
716,18.41275,2.33314206896552,3312.90322580645,25.2704724137931
717,18.41575,2.36857333333333,3302.66666666667,28.5816133333333
718,18.426125,2.36839793103448,3300.0,29.6764413793103
719,18.433625,2.37823766666667,3300.66666666667,31.608723333333298
720,18.4469375,2.37772933333333,3298.0,33.6854766666667
721,18.454312499999997,2.37366,1677.24137931034,37.1410655172414
722,18.4244375,2.39095233333333,1609.03225806452,35.1638433333333
723,18.356,2.39102275862069,1604.0,27.273182758620703
724,18.263875000000002,2.39603633333333,1606.0,29.0040066666667
725,18.1655,2.404172,1607.33333333333,33.2278933333333
726,18.070249999999998,2.40154172413793,1615.33333333333,47.227413793103395
727,17.9721875,2.41522034482759,1613.33333333333,49.70349655172409
728,17.8785,2.44995,1614.0,63.18231000000001
729,17.801125,2.45707133333333,1617.33333333333,60.366393333333306
730,17.7208125,2.47468172413793,1614.66666666667,62.520810344827595
731,17.6494375,2.49216933333333,1606.66666666667,66.42061000000001
732,17.584125,2.52151344827586,1620.0,76.5397137931035
733,17.530687500000003,2.553709,1611.03448275862,89.0184066666667
734,17.4860625,2.62492133333333,1605.16129032258,93.77027333333331
735,17.440125,2.665098,1603.33333333333,89.3703866666667
736,17.395500000000002,2.72987206896552,1610.66666666667,74.8283413793103
737,17.353875000000002,2.78208333333333,1608.66666666667,76.0651266666667
738,17.317999999999998,2.82668413793103,1609.65517241379,78.79733103448281
739,17.276375,2.89143866666667,1618.70967741935,62.6543333333333
740,17.239250000000002,2.94535133333333,1627.33333333333,58.993616666666696
741,17.2065625,2.99316566666667,1632.0,63.1471066666667
742,17.175375,3.05504137931035,1630.0,62.338734482758596
743,17.1469375,3.12235733333333,1638.0,48.609886666666696
744,17.1216875,3.20678733333333,1638.66666666667,38.6837533333333
745,17.106875000000002,3.22446655172414,3575.33333333333,37.905734482758604
746,17.107,3.273926,3553.33333333333,42.87244
747,17.132875,3.36344533333333,3532.0,39.8453333333333
748,17.1719375,3.41020206896552,3526.66666666667,46.3535
749,17.2034375,3.50738766666667,3552.66666666667,64.06228
750,17.242625,3.57503233333333,3552.66666666667,73.24922333333329
751,17.2755625,3.65329103448276,3543.44827586207,80.581548275862
752,17.309875,3.73118133333333,3544.51612903226,92.46791
753,17.342625,3.81561,3542.0,95.17819
754,17.3710625,3.89532793103448,3550.66666666667,78.4331896551724
755,17.406875,3.92292866666667,3557.33333333333,93.4534833333333
756,17.43975,3.96616533333333,3553.33333333333,92.85509666666671
757,17.475562500000002,3.97214655172414,5276.66666666667,104.322582758621
758,17.5428125,4.062804,5262.66666666667,90.46155999999999
759,17.6695625,4.125874,5259.33333333333,91.76392333333331
760,17.818749999999998,4.26981566666667,5263.33333333333,68.1453566666667
761,17.9708125,4.30257793103448,5277.33333333333,49.5942482758621
762,18.11975,4.32627333333333,5265.33333333333,43.2596433333333
763,18.268625,4.20115,5264.66666666667,39.84533
764,18.4088125,4.22470586206897,5270.66666666667,40.3818103448276
765,18.53675,4.33237733333333,5283.33333333333,37.0997966666667
766,18.6589375,4.42087766666667,5264.0,43.08363
767,18.7780625,4.47095068965517,5278.0,55.9664965517241
768,18.8853125,4.33993655172414,5280.68965517241,52.9806310344828
769,18.9835625,4.002278,3754.1935483871,96.9029633333333
770,19.033937499999997,3.96565666666667,3694.66666666667,169.6593
771,19.0514375,4.05475344827586,3692.0,158.286586206897
772,19.05275,3.95192266666667,3690.0,131.996566666667
773,19.040375,3.94057413793103,3694.0,113.171068965517
774,19.026812500000002,3.90309566666667,3698.0,139.775466666667
775,19.019187499999997,3.87217724137931,3700.0,158.104413793103
776,19.026562499999997,3.86952866666667,3708.0,144.844066666667
777,19.034,3.75010551724138,3666.0,120.599482758621
778,19.028125000000003,3.71693866666667,3601.33333333333,102.99245
779,19.017687500000005,3.62224862068966,3620.66666666667,96.6031689655172
780,19.016312499999998,3.65895733333333,3618.0,93.1718366666667
781,19.002875,3.68222689655172,1781.33333333333,87.7548827586207
782,18.9748125,3.72355133333333,1722.0,69.34214
783,18.92875,3.72660333333333,1728.0,74.69238
784,18.880000000000003,3.71695620689655,1725.33333333333,78.833724137931
785,18.84,3.727112,1732.0,61.1055466666667
786,18.799875,3.70167866666667,1734.0,50.5810333333333
787,18.7645625,3.70169620689655,1724.66666666667,38.379120689655196
788,18.731875000000002,3.71134333333333,1721.33333333333,35.5862266666667
789,18.6963125,3.72965533333333,1733.33333333333,32.6998966666667
790,18.6608125,3.7174824137931,1724.66666666667,36.704103448275895
791,18.632625,3.72049933333333,1731.33333333333,40.8308933333333
792,18.599937500000003,3.72507733333333,1728.66666666667,29.0392033333333
793,18.568875000000002,3.67065137931034,29.3333333333333,30.5867620689655
794,18.4974375,3.71693866666667,32.4137931034483,25.37851
795,18.38575,3.682858,29.0322580645161,23.4777533333333
796,18.251875,3.69380310344828,35.3333333333333,27.5644931034483
797,18.115000000000002,3.72609466666667,28.0,21.506629999999998
798,17.975187500000004,3.65031066666667,29.3333333333333,17.3179333333333
799,17.84275,3.59383379310345,31.3333333333333,15.839579310344801
800,17.716312499999997,3.65793833333333,31.3333333333333,17.5291133333333
801,17.5943125,3.63803379310345,29.3333333333333,11.8341710344828
802,17.479937500000002,3.61318066666667,33.3333333333333,9.7149343333333
803,17.3685,3.59842933333333,27.3333333333333,10.630109333333301
804,17.259875,3.55068793103448,33.3333333333333,8.4113572413793
805,17.1588125,3.57503166666667,29.3333333333333,7.004611
806,17.059125,3.62742333333333,26.0,3.801498
807,16.97,3.58622133333333,28.0,0.7391789999999999
808,16.8838125,3.54332310344828,35.3333333333333,0.1456510344827
809,16.7975,3.55061766666667,29.3333333333333,-0.070398
810,16.711125,3.47965689655172,31.3333333333333,-1.0195572413793
811,16.630937499999998,3.49721466666667,28.0,-2.11194
812,16.552125,3.476868,27.3333333333333,-2.1823379999999997
813,16.479124999999996,3.46544931034483,26.0,-2.9858462068965
814,16.406374999999997,3.505862,32.0,-3.16791
815,16.3318125,3.48042866666667,36.0,-3.590302
816,16.2604375,3.4559775862069,30.6666666666667,-4.22389
817,16.1933125,3.43922666666667,1976.0,-4.22389
818,16.148812500000002,3.484498,1943.44827586207,-4.22389
819,16.128125,3.44703310344828,1939.35483870968,-4.22389
820,16.110249999999997,3.341065,1942.66666666667,-4.22389
821,16.0970625,3.14320966666667,1942.0,-4.22389
822,16.0820625,2.93875827586207,1936.66666666667,-4.22389
823,16.06275,2.79785133333333,1948.66666666667,-4.22389
824,16.0463125,2.61729033333333,1950.0,-4.22389
825,16.0299375,2.63966966666667,1946.66666666667,-4.22389
826,16.0119375,2.65883862068966,1959.33333333333,-4.22389
827,15.988062499999998,2.63865466666667,1956.66666666667,-4.22389
828,15.964375,2.53133266666667,1974.66666666667,-4.22389
829,15.943250000000003,2.47152448275862,3716.0,-4.22389
830,15.947750000000003,2.338562,3704.0,-4.22389
831,16.0118125,2.2287,3704.66666666667,-4.22389
832,16.104187500000002,2.28631482758621,3708.0,-4.22389
833,16.200875,2.41027733333333,3720.0,-4.22389
834,16.305125,2.51454866666667,3715.86206896552,-4.22389
835,16.4001875,2.6267424137931,3721.93548387097,-4.22389
836,16.488,2.782592,3736.66666666667,-4.22389
837,16.569750000000003,2.85329266666667,3703.33333333333,-4.22389
838,16.648625,2.89561275862069,3635.33333333333,-4.22389
839,16.7169375,2.99265733333333,3640.0,-4.22389
840,16.7839375,3.08166466666667,3640.66666666667,-4.22389
841,16.840437499999997,3.35835666666667,3646.66666666667,-4.22389
842,16.89975,3.48070931034483,3659.33333333333,-4.22389
843,16.944499999999998,3.45804733333333,3660.0,-4.22389
844,16.995187500000004,3.44075266666667,3660.0,-4.22389
845,17.042749999999998,3.43966517241379,3668.27586206897,-4.22389
846,17.07975,3.48551533333333,3680.0,-4.22389
847,17.127312500000002,3.48093733333333,3668.66666666667,-4.22389
848,17.170562500000003,3.47071137931035,3680.0,-4.22389
849,17.209125000000004,3.450926,3686.66666666667,-4.22389
850,17.2494375,3.48653266666667,3678.0,-4.22389
851,17.286624999999997,3.51070275862069,3674.66666666667,-4.22389
852,17.322375,3.577575,3686.0,-4.22389
853,17.358,3.66862066666667,3680.0,-4.22389
854,17.381875000000004,3.70930866666667,3692.0,-4.22389
855,17.419125,3.72432310344828,3694.0,-4.22389
856,17.446125000000002,3.78967166666667,3680.0,-4.22389
857,17.4774375,3.80798,3681.33333333333,-4.22389
858,17.510125,3.80061310344828,3690.0,-4.22389
859,17.535375,3.739828,3704.66666666667,-4.22389
860,17.5590625,3.68082333333333,3720.0,-4.22389
861,17.586000000000002,3.69801275862069,3668.0,-4.22389
862,17.6115,3.737794,3593.33333333333,-4.22389
863,17.632250000000003,3.73067266666667,3587.33333333333,-4.22389
864,17.6574375,3.72379689655172,3584.0,-4.22389
865,17.667875000000002,3.71897333333333,1915.33333333333,-4.22389
866,17.644125,3.73423333333333,1926.89655172414,-4.22389
867,17.576937500000003,3.722534,1925.16129032258,-4.22389
868,17.4891875,3.74116172413793,1928.0,-4.22389
869,17.3895,3.75813933333333,1930.0,-4.22389
870,17.2926875,3.79322866666667,1929.33333333333,-4.22389
871,17.195937500000003,3.7822024137931,1942.0,-4.22389
872,17.102,3.795266,1956.0,-4.22389
873,17.012687500000002,3.87563,1950.0,-4.22389
874,16.932437500000002,3.95162448275862,1954.0,-4.22389
875,16.8520625,3.98854566666667,1954.0,-4.22389
876,16.7701875,4.09053310344828,1966.66666666667,-4.22389
877,16.698874999999997,4.12740266666667,3566.66666666667,-4.22389
878,16.654375,4.09433933333333,3534.48275862069,-4.22389
879,16.6665,4.0815875862069,3529.67741935484,-4.22389
880,16.7145,4.04805466666667,3540.0,-4.22389
881,16.7668125,3.97162034482759,3539.33333333333,-4.1874768965517
882,16.817562499999998,3.92344033333333,3540.0,-4.22389
883,16.871375,3.890891,3554.1935483871,-4.22389
884,16.91025,3.82587103448276,3555.33333333333,-4.22389
885,16.953437500000003,3.78967133333333,3556.66666666667,-4.22389
886,16.995,3.76119266666667,3564.66666666667,-4.22389
887,17.03825,3.76882233333333,3578.0,-4.22389
888,17.074125000000002,3.78009724137931,3536.66666666667,-4.22389
889,17.1126875,3.75966633333333,1661.33333333333,-4.22389
890,17.1185,3.695066,1584.66666666667,-4.22389
891,17.114250000000002,3.65539551724138,1591.03448275862,-4.22389
892,17.0975625,3.605042,1592.90322580645,-4.22389
893,17.078375,3.63963133333333,1592.0,-4.22389
894,17.058999999999997,3.5933075862069,1598.0,-4.1874768965517
895,17.042625,3.52620733333333,1598.66666666667,-4.22389
896,17.023187500000002,3.51400066666667,1598.66666666667,-4.22389
897,17.009749999999997,3.52333137931034,1596.0,-4.22389
898,16.9889375,3.48653266666667,1597.33333333333,-4.22389
899,16.96375,3.49596931034483,1598.66666666667,-4.22389
900,16.933812500000002,3.58469566666667,1598.0,-4.22389
901,16.9069375,3.567911,1600.0,-4.22389
902,16.881625,3.48544517241379,1598.66666666667,-4.22389
903,16.859312500000005,3.43922666666667,1596.66666666667,-4.22389
904,16.8458125,3.43210533333333,1596.0,-4.22389
905,16.8368125,3.40599172413793,1596.66666666667,-4.22389
906,16.826375,3.420406,1599.33333333333,-4.22389
907,16.811312500000003,3.435666,1597.33333333333,-4.22389
908,16.8021875,3.43545551724138,1597.33333333333,-4.22389
909,16.79025,3.410743,1599.33333333333,-4.22389
910,16.781249999999996,3.38328266666667,1599.33333333333,-4.22389
911,16.7691875,3.35863931034483,1597.33333333333,-4.22389
912,16.76475,3.36751466666667,1600.0,-4.22389
913,16.74825,3.37667066666667,1600.0,-4.22389
914,16.742125,3.35683266666667,1598.66666666667,-4.1886906666665995
915,16.7271875,3.32233103448276,1599.33333333333,-4.22389
916,16.710625,3.307493,1600.0,-4.1886906666665995
917,16.6971875,3.28867433333333,1600.0,-4.22389
918,16.6775625,3.27918724137931,1600.0,-4.1874768965517
919,16.670125,3.26273933333333,1600.0,-4.22389
920,16.6535,3.27494366666667,1599.33333333333,-4.22389
921,16.642875,3.27655655172414,1600.0,-4.1510637931034
922,16.622062500000002,3.29935333333333,1600.0,-4.118292
923,16.6055,3.28969033333333,1600.0,-4.1886906666665995
924,16.587374999999998,3.25446034482759,1605.33333333333,-4.22389
925,16.578375,3.24442733333333,1611.33333333333,-4.1886906666665995
926,16.56325,3.25510933333333,1617.33333333333,-4.1886906666665995
927,16.546875,3.31614033333333,1602.66666666667,-4.22389
928,16.532,3.33916965517241,1600.0,-4.22389
929,16.518375,3.33445133333333,1600.66666666667,-4.22389
930,16.504625,3.33902933333333,1600.0,-4.22389
931,16.4761875,3.39757482758621,1599.31034482759,-4.1510637931034
932,16.449375,3.39192866666667,1601.93548387097,-4.22389
933,16.423875,3.425493,1598.66666666667,-4.1886906666665995
934,16.403,3.35232448275862,1600.68965517241,-4.1874768965517
935,16.386312500000003,3.30749266666667,1600.0,-4.22389
936,16.366812499999998,3.30342333333333,1595.33333333333,-4.22389
937,16.350125000000002,3.37705413793103,1590.66666666667,-4.22389
938,16.326125,3.368023,1589.33333333333,-4.22389
939,16.31125,3.34495793103448,1589.33333333333,-4.22389
940,16.284124999999996,3.38531766666667,1581.33333333333,-4.22389
941,16.266125000000002,3.32529533333333,1584.66666666667,-4.22389
942,16.249562500000003,3.30286137931034,1582.0,-4.22389
943,16.2314375,3.30647466666667,1581.33333333333,-4.22389
944,16.2149375,3.28714766666667,1580.0,-4.1534913333332995
945,16.1969375,3.24498862068965,1580.0,-4.1874768965517
946,16.1861875,3.26324533333333,1580.0,-4.22389
947,16.163625000000003,3.31563066666667,1578.66666666667,-4.1534913333332995
948,16.1441875,3.30444033333333,1578.0,-4.1534913333332995
949,16.1141875,3.2986524137931,26.6666666666667,-4.22389
950,16.057375,3.31715666666667,26.0,-4.1534913333332995
951,15.955812499999999,3.28765766666667,31.3333333333333,-4.22389
952,15.8439375,3.29812586206897,31.3333333333333,-4.1874768965517
953,15.721687500000002,3.28613033333333,26.2068965517241,-4.1886906666665995
954,15.610124999999998,3.28358966666667,28.3870967741935,-4.1534913333332995
955,15.493937499999998,3.28918137931035,29.3333333333333,-4.22389
956,15.394062500000002,3.27087766666667,28.6666666666667,-4.22389
957,15.2910625,3.27341766666667,27.3333333333333,-4.22389
958,15.197312499999999,3.27497965517241,27.3333333333333,-4.22389
959,15.1078125,3.259685,28.0,-4.22389
960,15.021187499999998,3.22815,26.0,-4.1886906666665995
961,14.93625,3.232728,1939.33333333333,-4.22389
962,14.878124999999999,3.19710551724138,1906.0,-4.22389
963,14.854375,3.15287533333333,1908.0,-4.22389
964,14.8275625,3.19079206896552,1909.33333333333,-4.22389
965,14.8021875,3.170167,1950.66666666667,-4.1886906666665995
966,14.77825,3.08319,1938.0,-4.118292
967,14.754437500000002,3.08450551724138,1936.66666666667,-3.9689982758620004
968,14.726000000000003,3.09285466666667,1929.33333333333,-3.4143053333333
969,14.706500000000002,3.11879666666667,1930.66666666667,-3.3087073333332997
970,14.683937499999999,3.12660206896552,1941.33333333333,-3.16791
971,14.657062499999999,3.176777,1950.66666666667,-3.16791
972,14.630062500000001,3.14677033333333,1938.62068965517,-1.443159
973,14.604375000000001,3.12818068965517,1926.0,0.2548893103448
974,14.5805625,3.12235733333333,1919.35483870968,2.393532
975,14.562437500000001,3.16050433333333,1906.66666666667,3.3439066666666
976,14.5414375,3.14712310344828,1936.0,4.478778965517201
977,14.5219375,3.18542466666667,1943.33333333333,5.5966510000000005
978,14.508374999999997,3.19710413793103,1944.66666666667,8.557008275862
979,14.491937499999999,3.18491633333333,1946.0,10.735701333333301
980,14.475312500000001,3.22052,1937.33333333333,11.2008385714286
981,14.460249999999998,3.25130310344828,1937.33333333333,18.2792448275862
982,14.4453125,3.25866966666667,1924.66666666667,25.37851
983,14.4273125,3.28104666666667,1931.33333333333,30.9399533333333
984,14.41825,3.38231482758621,1916.66666666667,32.4802034482759
985,14.406124999999998,3.44736533333333,3503.44827586207,36.8182066666667
986,14.415062500000001,3.49467133333333,3461.29032258065,44.1396066666667
987,14.486625,3.53587066666667,3442.66666666667,43.78762
988,14.571375,3.54332206896552,3446.66666666667,53.6724827586207
989,14.668125,3.568418,3454.66666666667,66.94859666666669
990,14.769375,3.60605933333333,3540.0,83.10497
991,14.869,3.64382275862069,3548.0,85.8249965517241
992,14.962750000000002,3.688962,3534.66666666667,93.55908000000001
993,15.058,3.71083466666667,3532.0,108.65943666666699
994,15.151937500000003,3.75326413793103,3537.33333333333,103.08445862069
995,15.242812500000003,3.807982,3544.0,117.1778
996,15.3291875,3.82425733333333,3541.33333333333,119.536
997,15.417249999999997,3.8132424137931,3540.0,124.641044827586
998,15.517375,3.91581033333333,3545.33333333333,202.359233333333
999,15.6265,4.01245266666667,3546.66666666667,192.4684
1000,15.753812499999999,4.21628896551724,3535.33333333333,224.120896551724
1001,15.8611875,4.194537,3540.0,166.350566666667
1002,15.9401875,4.174702,3529.33333333333,152.9751
1003,16.025437500000002,4.20576310344828,3541.33333333333,183.411310344828
1004,16.1345625,4.381205,3533.33333333333,275.362166666667
1005,16.2630625,4.519045,3532.0,291.16653333333295
1006,16.4113125,4.62229466666667,3512.66666666667,293.489833333333
1007,16.569875,4.80085655172414,3522.66666666667,326.768448275862
1008,16.7419375,4.91577333333333,3531.33333333333,368.991633333333
1009,16.9198125,4.95849566666667,5217.93103448276,346.358533333333
1010,17.1291875,5.08340793103448,5248.38709677419,343.55482758620695
1011,17.39975,5.238241,5236.66666666667,344.8453
1012,17.694000000000003,5.21652689655172,5221.33333333333,356.626724137931
1013,17.996875000000003,5.21636933333333,5234.66666666667,361.7756
1014,18.28925,5.28910366666667,5240.0,365.0141
1015,18.5708125,5.39595103448276,5219.33333333333,371.665586206897
1016,18.844875,5.46329724137931,5234.66666666667,378.038
1017,19.114562499999998,5.49408,5220.0,390.2871
1018,19.3901875,5.73109833333333,5234.0,402.74739999999997
1019,19.658499999999997,5.95315862068966,5230.66666666667,405.38375862069
1020,19.917875,5.93963733333333,5227.33333333333,424.817466666667
1021,20.165374999999997,5.94842344827586,5237.24137931035,423.517689655172
1022,20.408562500000002,6.11784655172414,5222.0,427.74110344827596
1023,20.650250000000003,6.15834633333333,5236.66666666667,440.868033333333
1024,20.88625,6.21097931034483,5258.66666666667,436.26193103448304
1025,21.1285625,6.42588366666667,5254.0,457.48193333333296
1026,21.372187500000003,6.45196344827586,5276.0,497.908724137931
1027,21.607124999999996,6.80633466666667,5262.0,506.44393333333306
1028,21.8498125,6.75445466666667,5265.8064516129,551.7099
1029,22.0896875,6.82185862068965,5258.66666666667,457.017137931034
1030,22.2831875,6.780904,5260.0,449.175033333333
1031,22.471,6.97655206896552,5274.66666666667,492.009931034483
1032,22.6633125,6.91823233333333,5274.1935483871,441.57210000000003
1033,22.819750000000003,6.97723566666667,5259.31034482759,372.7932
1034,22.9671875,7.02495620689655,5282.66666666667,516.151689655172
1035,23.1659375,7.14176551724138,5286.0,581.0757241379309
1036,23.349687499999998,7.07285466666667,5269.33333333333,371.455733333333
1037,23.4551875,6.84185068965517,5253.33333333333,265.66803448275897
1038,23.5335625,6.75954266666667,5245.33333333333,322.388066666667
1039,23.5923125,6.74872,5244.66666666667,268.50800000000004
1040,23.6374375,6.704609,5242.66666666667,314.010733333333
1041,23.67525,6.84185206896552,5240.0,280.597068965517
1042,23.71425,6.74173933333333,5248.66666666667,257.903366666667
1043,23.73675,6.73346034482759,5237.24137931035,247.242896551724
1044,23.745375,6.63454344827586,5236.0,237.41179310344802
1045,23.7575,6.68375733333333,3584.51612903226,252.0602
1046,23.731749999999998,6.736035,3535.86206896552,279.719178571429
1047,23.6923125,6.79979642857143,3436.12903225806,401.646214285714
1048,23.748437499999998,7.13287266666667,3046.89655172414,510.7733
1049,23.792125,7.29645724137931,3521.33333333333,442.59775862069
1050,23.8331875,7.30733233333333,3390.0,426.225333333333
1051,23.877375,7.39748206896552,3367.74193548387,353.568413793103
1052,23.911125000000002,7.33785,3214.66666666667,424.0783
1053,23.988500000000002,7.38590655172414,3264.13793103448,444.85527586206905
1054,24.078374999999998,7.49145566666667,3396.66666666667,431.39953333333295
1055,24.165,7.41695034482759,3002.58064516129,457.01717241379305
1056,24.241375,7.48382666666667,3291.72413793103,377.756166666667
1057,24.2721875,7.36486034482759,2899.33333333333,334.233206896552
1058,24.299937500000002,7.30326366666667,3152.90322580645,334.707766666667
1059,24.301750000000002,7.28014827586207,3175.86206896552,326.368
1060,24.319,7.26358866666667,2900.0,335.059733333333
1061,24.3069375,7.20017137931035,3268.27586206897,272.51348275862097
1062,24.2875,7.119141,3012.0,265.57683333333296
1063,24.262125,7.15018413793103,3375.33333333333,261.66248275862097
1064,24.24575,7.19333,2983.33333333333,260.93424137931
1065,24.223375000000004,7.14457333333333,3327.74193548387,254.700166666667
1066,24.205625,7.13338266666667,3024.66666666667,234.249633333333
1067,24.180125,7.08599275862069,3195.86206896552,182.93789655172398
1068,24.140875,6.97367366666667,3207.33333333333,160.542933333333
1069,24.1003125,6.81712137931035,3013.54838709677,142.009793103448
1070,24.0383125,6.713765,3339.31034482759,124.851166666667
1071,23.9779375,6.67663620689655,3300.0,118.888034482759
1072,23.92975,6.63136833333333,3356.66666666667,128.7935
1073,23.877,6.60244482758621,3309.67741935484,125.843068965517
1074,23.8305625,6.54643,3068.27586206897,125.6962
1075,23.792874999999995,6.527102,3478.0,133.333766666667
1076,23.756812500000002,6.53983620689655,3198.0,135.382482758621
1077,23.719374999999996,6.53615172413793,3444.66666666667,128.537275862069
1078,23.677125,6.57236666666667,3542.66666666667,120.6978
1079,23.6518125,6.55246413793103,3073.33333333333,125.73362068965498
1080,23.617250000000002,6.54846466666667,3520.66666666667,118.0578
1081,23.5765,6.51692866666667,3350.0,96.93813
1082,23.5330625,6.44459724137931,3420.64516129032,74.063651724138
1083,23.495624999999997,6.4340775862069,3565.51724137931,69.1115344827586
1084,23.4641875,6.45334633333333,3202.0,62.61912
1085,23.428250000000002,6.4682724137931,3560.0,48.2105586206897
1086,23.393875,6.451313,3496.0,41.218083333333304
1087,23.355000000000004,6.44670068965517,3294.66666666667,30.9144689655172
1088,23.3113125,6.412662,3538.70967741935,24.1465366666667
1089,23.2695,6.40566344827586,3348.27586206897,21.447141379310303
1090,23.221375,6.41520533333333,3380.0,18.2331
1091,23.1703125,6.40776827586207,3451.33333333333,15.985241379310299
1092,23.1268125,6.41978333333333,3229.03225806452,15.839599999999999
1093,23.0893125,6.41469666666667,1928.27586206897,14.7836
1094,23.009124999999997,6.40139307692308,1916.66666666667,13.1590384615385
1095,22.8999375,6.38987724137931,1916.0,10.7053696551724
1096,22.7865,6.36281266666667,1912.25806451613,6.969412
1097,22.666812500000002,6.33094310344828,1929.33333333333,4.8793196551724
1098,22.548750000000002,6.330258,1962.75862068966,3.7310993333333
1099,22.446125,6.278891,1990.66666666667,2.323134
1100,22.343625,6.2067675862069,1980.0,0.7646679310344
1101,22.2456875,6.18275866666667,1951.72413793103,-0.9855720000000001
1102,22.15375,6.122742,1927.33333333333,-2.569527
1103,22.06225,6.03366448275862,1928.66666666667,-3.16791
1104,21.9806875,5.979308,1936.0,-3.2383086666666
1105,21.8966875,5.922851,1946.66666666667,-3.8718966666666
1106,21.823124999999997,5.81858233333333,1934.1935483871,-4.1886906666665995
1107,21.7451875,5.75742655172414,1937.24137931034,-4.22389
1108,21.6729375,5.70668266666667,1952.0,-4.22389
1109,21.6056875,5.63903966666667,1947.33333333333,-4.22389
1110,21.53525,5.60483655172414,1951.33333333333,-4.22389
1111,21.466187499999997,5.55918433333333,1952.0,-4.22389
1112,21.406125,5.526126,1964.66666666667,-4.22389
1113,21.341874999999998,5.50434103448276,1967.74193548387,-4.22389
1114,21.285125,5.445762,1971.72413793103,-4.22389
1115,21.222125,5.44728433333333,1972.0,-4.22389
1116,21.1623125,5.48697620689655,1969.67741935484,-4.22389
1117,21.1084375,5.44372533333333,3673.33333333333,-4.22389
1118,21.08275,5.35420666666667,3716.66666666667,-4.22389
1119,21.119625,5.31097033333333,3711.33333333333,-4.22389
1120,21.1864375,5.29808137931035,3725.33333333333,-4.22389
1121,21.255999999999997,5.23824066666667,3736.66666666667,-4.22389
1122,21.318312499999998,5.20975533333333,3646.89655172414,-4.22389
1123,21.38225,5.1691724137931,3640.0,-4.22389
1124,21.44325,5.10752333333333,3638.66666666667,-4.22389
1125,21.484625,5.03529933333333,3648.0,-4.22389
1126,21.53675,5.00080103448276,3650.66666666667,-4.22389
1127,21.5723125,4.974263,3645.16129032258,-4.22389
1128,21.609750000000002,4.886781,3640.0,-4.22389
1129,21.6439375,4.77244379310345,5187.33333333333,-4.22389
1130,21.702062499999997,4.67366533333333,5242.58064516129,-4.22389
1131,21.80375,4.60652666666667,5240.68965517241,-4.22389
1132,21.923375000000004,4.58058466666667,5242.0,-4.22389
1133,22.04,4.61827862068966,5256.66666666667,-4.22389
1134,22.149375,4.64874433333333,5260.0,-4.1886906666665995
1135,22.2526875,4.64823733333333,5262.66666666667,-4.22389
1136,22.347125,4.62248827586207,5282.0,-4.22389
1137,22.428125,4.53989766666667,5304.66666666667,-4.22389
1138,22.509312500000004,4.51955466666667,5242.0,-4.22389
1139,22.5795625,4.52514965517241,5229.33333333333,-4.22389
1140,22.638125,4.58923166666667,5238.66666666667,-4.22389
1141,22.683374999999998,4.71403827586207,3386.66666666667,-4.22389
1142,22.708750000000002,4.72707066666667,3320.0,-4.22389
1143,22.712875,4.76139689655172,3319.33333333333,-4.22389
1144,22.7053125,4.74894333333333,3302.66666666667,-4.22389
1145,22.69925,4.67299896551724,3308.66666666667,-4.22389
1146,22.697625000000002,4.62788966666667,3320.0,-4.22389
1147,22.693375,4.70193551724138,3324.13793103448,-4.22389
1148,22.688750000000002,4.774375,3338.70967741935,-4.1886906666665995
1149,22.681375000000003,4.81243275862069,3340.0,-4.22389
1150,22.671187500000002,4.9045151724138,3341.33333333333,-4.22389
1151,22.6653125,4.92397965517241,3350.66666666667,-4.22389
1152,22.647375000000004,4.862366,3342.66666666667,-4.22389
1153,22.637125,4.9018824137931,1723.33333333333,-4.22389
1154,22.584749999999996,4.93102933333333,1648.66666666667,-4.1886906666665995
1155,22.494812500000002,4.84084517241379,1630.96774193548,-4.22389
1156,22.388687499999996,4.87504689655172,1603.33333333333,-4.22389
1157,22.264437499999996,4.827777,1611.03448275862,-4.22389
1158,22.1508125,4.73368333333333,1618.70967741935,-4.22389
1159,22.043375,4.64090310344828,1619.31034482759,-4.1874768965517
1160,21.933125,4.564311,1619.33333333333,-4.22389
1161,21.836312500000002,4.500734,1619.33333333333,-4.22389
1162,21.7514375,4.51357344827586,1621.33333333333,-4.1874768965517
1163,21.663625,4.46614466666667,1620.66666666667,-4.118292
1164,21.584812499999998,4.41324633333333,1636.66666666667,-4.22389
1165,21.504374999999996,4.47358172413793,94.0,-4.22389
1166,21.383250000000004,4.46512733333333,30.6666666666667,-4.1886906666665995
1167,21.230187500000003,4.51192466666667,33.3333333333333,-4.1886906666665995
1168,21.065375000000003,4.54251172413793,32.0,-4.22389
1169,20.8975625,4.56939766666667,34.1935483870968,-4.1534913333332995
1170,20.735875,4.54091533333333,33.1034482758621,-4.1886906666665995
1171,20.589187499999998,4.64563931034483,35.3333333333333,-4.1510637931034
1172,20.439687499999998,4.69960266666667,31.3333333333333,-4.118292
1173,20.305124999999997,4.80234633333333,30.0,-4.118292
1174,20.1721875,4.93239827586207,32.9032258064516,-4.114650689655099
1175,20.045312499999998,4.905601,32.6666666666667,-4.1886906666665995
1176,19.918375,4.92555862068965,32.4137931034483,-4.1874768965517
1177,19.806625,4.93764166666667,32.6666666666667,-4.0478933333333
1178,19.70075,4.908653,30.6666666666667,-3.9070959999999997
1179,19.6008125,4.78402,34.1935483870968,-4.0418244827586
1180,19.503999999999998,4.71333666666667,33.7931034482759,-4.012694
1181,19.404062500000002,4.65195551724138,31.3333333333333,-3.8961720689655
1182,19.311687499999998,4.57906233333333,32.6666666666667,-4.083092666666601
1183,19.216562500000002,4.53277833333333,31.3333333333333,-3.9774946666666002
1184,19.1284375,4.56618413793103,29.6774193548387,-3.9689982758620004
1185,19.0423125,4.55108633333333,32.4137931034483,-3.9422953333333
1186,18.95575,4.47989620689655,30.9677419354839,-4.0418244827586
1187,18.868000000000002,4.42850566666667,27.3333333333333,-3.801498
1188,18.7860625,4.36677172413793,30.6666666666667,-4.0418244827586
1189,18.702687500000003,4.34782827586207,1712.41379310345,-3.9325851724137
1190,18.6521875,4.338988,1755.33333333333,-3.7662986666666
1191,18.654999999999998,4.34046137931035,1749.67741935484,-3.9689982758620004
1192,18.6803125,4.31204931034483,1743.44827586207,-3.8233458620689
1193,18.723374999999997,4.358826,1744.0,-3.8366973333332997
1194,18.76475,4.26837931034483,1740.0,-4.0054113793103
1195,18.800625000000004,4.27337766666667,1740.66666666667,-3.8718966666666
1196,18.83175,4.28310896551724,1742.06896551724,-4.0054113793103
1197,18.8525,4.274905,1743.33333333333,-3.7662986666666
1198,18.8734375,4.24996344827586,1741.33333333333,-4.0782375862069005
1199,18.88375,4.21234,1740.0,-3.9070959999999997
1200,18.8911875,4.22417965517241,1748.38709677419,-3.7141065517241
1201,18.897250000000003,4.28914333333333,3386.0,-3.801498
1202,18.9300625,4.19945,3361.37931034483,-3.6048672413793
1203,19.00575,4.12282466666667,3356.0,-3.9070959999999997
1204,19.09825,4.07043333333333,3350.66666666667,-3.8366973333332997
1205,19.1978125,3.99214206896552,3354.83870967742,-3.8597589655172
1206,19.28575,3.957518,3346.89655172414,-3.484704
1207,19.3765,3.95215068965517,3345.16129032258,-3.7141065517241
1208,19.456937500000002,3.89699333333333,3346.89655172414,-3.590302
1209,19.53,3.89532724137931,3340.0,-3.6048672413793
1210,19.6031875,3.89190866666667,3344.13793103448,-3.6255013333333
1211,19.6685625,3.86165310344828,3350.0,-3.5320410344827002
1212,19.7179375,3.847656,3360.0,-3.6607006666666
1213,19.767,3.86954620689655,3348.38709677419,-3.6776934482757997
1214,19.816437500000003,3.82832666666667,3355.1724137931,-3.6255013333333
1215,19.862625000000005,3.82902827586207,3352.66666666667,-3.568454137931
1216,19.912000000000003,3.82069666666667,3352.25806451613,-3.5199033333333003
1217,19.9506875,3.76271666666667,3342.66666666667,-3.6607006666666
1218,19.990875000000003,3.73011137931034,3344.8275862069,-3.568454137931
1219,20.028187499999998,3.6615,3341.33333333333,-3.484704
1220,20.067062499999995,3.58774733333333,3342.0,-3.4495046666666
1221,20.104499999999998,3.52543620689655,3345.33333333333,-3.4228017241379
1222,20.132937499999997,3.52875066666667,3340.0,-3.5551026666666
1223,20.168875,3.492128,3340.0,-3.5199033333333003
1224,20.191125,3.48334034482759,3325.33333333333,-3.4228017241379
1225,20.2135,3.47330733333333,3320.0,-3.484704
1226,20.240375,3.45387275862069,3318.70967741935,-3.4592148275862002
1227,20.2555,3.45143466666667,3321.37931034483,-3.484704
1228,20.2734375,3.43650793103448,3322.0,-3.4592148275862002
1229,20.290125000000003,3.43363133333333,3320.0,-3.379106
1230,20.3019375,3.3986275862069,3317.33333333333,-3.3863886206896003
1231,20.3214375,3.33699466666667,3320.0,-3.273508
1232,20.336375,3.277996,3320.0,-3.3439066666666
1233,20.354374999999997,3.256635,3320.0,-3.2383086666666
1234,20.3736875,3.23446448275862,3320.0,-3.2407362068965
1235,20.397625,3.14728033333333,3320.0,-3.16791
1236,20.40825,3.12344482758621,3320.0,-3.3499755172413
1237,20.421687499999997,3.103028,1803.87096774194,-3.2383086666666
1238,20.39475,3.110658,1736.55172413793,-3.379106
1239,20.321250000000003,3.11870896551724,1720.0,-3.3499755172413
1240,20.226937500000002,3.09183733333333,1720.0,-3.3087073333332997
1241,20.122312500000003,3.11186827586207,1720.0,-3.3499755172413
1242,20.02675,3.10048466666667,1720.0,-3.379106
1243,19.938625,3.1071324137931,1716.12903225806,-3.2771493103447997
1244,19.855,3.107606,1703.44827586207,-3.3439066666666
1245,19.774437499999998,3.08725933333333,1703.33333333333,-3.2383086666666
1246,19.705999999999996,3.09713448275862,1700.0,-3.2771493103447997
1247,19.630000000000003,3.08827666666667,1700.0,-3.3439066666666
1248,19.5614375,3.09031133333333,1691.61290322581,-3.4495046666666
1249,19.4974375,3.1223924137931,3595.33333333333,-3.3135624137931
1250,19.451375,3.14028344827586,3604.13793103448,-3.4228017241379
1251,19.4335,3.14423,3599.33333333333,-3.16791
1252,19.423125,3.12449724137931,3588.0,-3.2407362068965
1253,19.415687499999997,3.14066766666667,3574.66666666667,-3.2031093333333
1254,19.406875,3.18237413793103,3580.0,-3.16791
1255,19.390625,3.20973275862069,3571.03448275862,-3.16791
1256,19.37725,3.23323666666667,3633.33333333333,-2.5343280000000004
1257,19.3593125,3.231202,3658.66666666667,-1.4783579999999998
1258,19.3399375,3.19710620689655,3649.67741935484,0.1820637931034
1259,19.3295625,3.1202875862069,3631.03448275862,1.3108593103447999
1260,19.322187500000002,3.09336333333333,3600.64516129032,2.46393
1261,19.31025,3.12186620689655,2326.89655172414,4.588015862068899
1262,19.2654375,3.12846133333333,1925.16129032258,7.708591
1263,19.1773125,3.11555172413793,1910.66666666667,11.2879786206897
1264,19.069750000000003,3.13433925925926,1910.0,14.1578555555556
1265,18.9503125,3.163556,1928.0,17.4939366666667
1266,18.832562499999998,3.15449034482759,1956.66666666667,22.0661689655172
1267,18.714875,3.18289965517241,1950.0,26.763410344827598
1268,18.597125,3.20026103448276,1953.33333333333,31.861206896551696
1269,18.491625,3.23018466666667,1946.89655172414,39.03574
1270,18.3963125,3.234254,1937.41935483871,43.7524333333333
1271,18.304000000000002,3.2270975862069,1931.33333333333,49.958368965517195
1272,18.217875,3.23069333333333,1933.10344827586,54.5937133333333
1273,18.137500000000003,3.23814793103448,1931.33333333333,60.4088620689655
1274,18.061625,3.24077896551724,1928.38709677419,66.59902758620689
1275,17.9904375,3.25714233333333,1930.66666666667,75.78353333333331
1276,17.9309375,3.287148,1918.62068965517,84.40733999999999
1277,17.872937499999995,3.28760448275862,1929.33333333333,84.6961724137931
1278,17.834187500000002,3.32936466666667,1933.33333333333,100.774813333333
1279,17.812,3.39283896551724,1932.90322580645,141.317931034483
1280,17.812,3.463134,1926.0,152.1656
1281,17.8268125,3.52017413793103,1921.37931034483,166.625
1282,17.8491875,3.556212,1921.93548387097,175.291
1283,17.8774375,3.60199,1921.33333333333,184.7598
1284,17.883562499999996,3.62540551724138,1941.37931034483,194.772379310345
1285,17.8909375,3.73728333333333,1952.66666666667,204.11933333333297
1286,17.9028125,3.8416575862069,1954.66666666667,213.961448275862
1287,17.914624999999997,3.933103,1948.0,225.0276
1288,17.9311875,3.96267482758621,1946.66666666667,232.969448275862
1289,17.9403125,4.087219,1952.66666666667,241.993366666667
1290,17.97,4.226074,1944.0,253.99620000000002
1291,17.99825,4.32310034482759,1934.0,263.84734482758597
1292,18.0296875,4.424949,1929.33333333333,271.7018
1293,18.067,4.61354310344828,1932.25806451613,283.145793103448
1294,18.1145,4.73826133333333,1932.41379310345,291.9056
1295,18.162062499999998,4.84558034482759,1925.33333333333,300.515034482759
1296,18.2158125,4.977824,1927.33333333333,307.6048
1297,18.26775,5.13854933333333,1928.0,317.565566666667
1298,18.330375,5.18969137931034,1930.32258064516,324.87486206896597
1299,18.3930625,5.27333566666667,1930.34482758621,335.2006
1300,18.46,5.33792933333333,1914.1935483871,341.3254
1301,18.532999999999998,5.43558766666667,1915.86206896552,350.371333333333
1302,18.6163125,5.55801034482759,1923.33333333333,356.18972413793097
1303,18.7086875,5.58054433333333,1910.66666666667,364.662
1304,18.801000000000002,5.61920166666667,1926.66666666667,371.174
1305,18.893375,5.71322586206897,1924.0,372.430275862069
1306,18.991625,5.72652266666667,1920.0,371.1388
1307,19.081,5.63325,1928.0,379.385310344828
1308,19.179375,5.57342366666667,1928.38709677419,385.3596
1309,19.2775625,5.55511533333333,1928.0,390.216766666667
1310,19.3775625,5.54169931034483,1928.27586206897,395.187896551724
1311,19.4849375,5.567832,1927.09677419355,396.72819999999996
1312,19.58925,5.42015344827586,1928.96551724138,405.310931034483
1313,19.687625,5.40862933333333,1930.0,408.13300000000004
1314,19.7875625,5.344034,1927.33333333333,408.69620000000003
1315,19.892125,5.30702655172414,1929.03225806452,409.280034482759
1316,20.002374999999997,5.21230033333333,1919.33333333333,415.8418
1317,20.1009375,5.24336172413793,1922.06896551724,416.417137931034
1318,20.2054375,5.116171,1926.45161290323,426.858766666667
1319,20.309875,5.042929,1949.65517241379,412.216133333333
1320,20.3938125,4.53303793103448,1961.33333333333,333.796172413793
1321,20.439937499999996,4.006347,94.0,354.1729
1322,20.4414375,3.71236133333333,32.6666666666667,364.6622
1323,20.4049375,3.53700896551724,32.6666666666667,367.25958620689704
1324,20.327062499999997,3.41125333333333,34.0,204.11933333333297
1325,20.210375,3.18132206896552,34.0,149.292551724138
1326,20.087874999999997,3.033855,32.6666666666667,184.72456666666702
1327,19.9623125,3.02419166666667,29.3333333333333,162.65463333333298
1328,19.841437499999998,2.88561586206897,27.0967741935484,139.752310344828
1329,19.708812499999997,2.63814366666667,34.0,151.426333333333
1330,19.588124999999998,2.68146172413793,28.2758620689655,109.784675862069
1331,19.4673125,2.70782433333333,30.6666666666667,98.1349866666667
1332,19.34675,2.60780206896552,32.258064516129,130.175896551724
1333,19.2425,2.53743566666667,1782.75862068966,113.587296666667
1334,19.168,2.56998533333333,1756.0,90.63757
1335,19.139625,2.57254655172414,1755.48387096774,61.9382034482759
1336,19.139499999999998,2.47487333333333,1753.10344827586,61.7743366666667
1337,19.151500000000002,2.42909566666667,1750.66666666667,88.1384333333333
1338,19.1678125,2.4004924137931,1750.0,83.78587586206899
1339,19.17225,2.411293,1754.83870967742,97.4309133333333
1340,19.182875000000003,2.42045066666667,1748.27586206897,97.1845833333333
1341,19.1829375,2.51782793103448,1750.0,64.4506827586207
1342,19.1904375,2.503867,1755.33333333333,75.5723633333333
1343,19.193562500000002,2.55255034482759,1752.66666666667,73.29898275862071
1344,19.195125,2.57252866666667,1760.0,73.49562
1345,19.196749999999998,2.63779275862069,1759.35483870968,66.3077310344828
1346,19.1924375,2.678322,1756.0,53.819346666666696
1347,19.1851875,2.796833,1755.1724137931,63.041506666666706
1348,19.176312499999998,2.80353103448276,1760.0,73.481048275862
1349,19.167625,2.851258,1758.0,67.58219
1350,19.158749999999994,2.88982620689655,1760.66666666667,69.22075862068961
1351,19.1454375,2.93416133333333,1759.33333333333,57.33925
1352,19.13375,2.95857666666667,1760.0,53.2561533333333
1353,19.1160625,2.98927206896552,1764.0,57.8963689655172
1354,19.108625,3.013004,1764.0,79.6554466666667
1355,19.0940625,3.08555793103448,1764.0,73.8815965517241
1356,19.08375,3.09743266666667,1732.66666666667,50.651436666666704
1357,19.0600625,3.06589533333333,3621.33333333333,58.9232
1358,19.055562499999997,3.07924344827586,3644.66666666667,65.8707793103448
1359,19.080812499999997,3.16304566666667,3654.66666666667,55.6145
1360,19.112125,3.20576866666667,3664.66666666667,43.75242
1361,19.1315,3.21657344827586,3670.0,45.6252482758621
1362,19.150937499999998,3.272909,3673.79310344828,42.34445
1363,19.170312499999998,3.302914,3697.41935483871,47.5539166666667
1364,19.183625,3.30233551724138,3706.66666666667,29.822089655172398
1365,19.200187500000002,3.301388,3695.33333333333,35.7974166666667
1366,19.2078125,3.29391586206897,3696.66666666667,36.4856275862069
1367,19.2226875,3.30494866666667,3700.0,28.8280166666667
1368,19.2361875,3.331908,3710.66666666667,31.186353333333297
1369,19.2465625,3.31812137931035,3720.0,30.513927586206897
1370,19.260062500000004,3.307492,3704.0,19.0074833333333
1371,19.2691875,3.302914,3708.66666666667,17.8811066666667
1372,19.2724375,3.31549034482759,3702.75862068966,17.0411827586207
1373,19.279874999999997,3.33653862068966,3709.67741935484,13.2907068965517
1374,19.282937499999996,3.35530666666667,3704.0,8.9757566666666
1375,19.283,3.417866,3705.33333333333,6.899014
1376,19.281625,3.47913068965517,3695.33333333333,5.7168131034482
1377,19.290625,3.537903,3700.0,5.420656
1378,19.29075,3.60962,3700.66666666667,3.8597589655172
1379,19.29225,3.65997366666667,3701.33333333333,3.1679120000000003
1380,19.29075,3.71134333333333,3697.33333333333,2.393532
1381,19.2985,3.74852862068966,5236.0,3.4228031034482
1382,19.32225,3.79679133333333,5279.33333333333,2.11194
1383,19.396687500000002,3.80798,5250.0,0.9103189655171999
1384,19.493375,3.81510133333333,5226.0,0.809577
1385,19.600562500000002,3.82481862068966,5219.33333333333,0.0
1386,19.7018125,3.84256933333333,5210.0,0.0
1387,19.803125,3.86037266666667,5192.0,-0.070398
1388,19.890874999999998,3.87954379310345,5176.0,-1.5293358620689
1389,19.978625,3.89241866666667,5163.33333333333,-2.11194
1390,20.056,3.88936633333333,5201.33333333333,-2.11194
1391,20.12725,3.90164206896552,5214.0,-2.11194
1392,20.1941875,3.89343466666667,5241.33333333333,-2.11194
1393,20.2670625,3.88112275862069,5260.0,-2.4760675862069
1394,20.3340625,3.88173666666667,5276.66666666667,-3.16791
1395,20.39825,3.89547066666667,5284.66666666667,-3.2383086666666
1396,20.459374999999998,3.8679675862069,5294.66666666667,-3.2407362068965
1397,20.5159375,3.87258066666667,5300.66666666667,-3.379106
1398,20.5664375,3.899538,5309.33333333333,-3.2383086666666
1399,20.6185625,3.87112482758621,5323.33333333333,-3.3135624137931
1400,20.679812499999997,3.881226,5340.0,-3.273508
1401,20.725937499999997,3.91531862068966,5342.58064516129,-3.2771493103447997
1402,20.776625,3.94887066666667,5348.0,-3.3087073333332997
1403,20.825812499999998,3.969726,5206.66666666667,-3.4143053333333
1404,20.877875,3.99372103448276,5201.33333333333,-3.3135624137931
1405,20.91675,4.05110566666667,5216.66666666667,-2.9215176666666003
1406,20.955437500000002,4.09027,5238.66666666667,-2.217537
1407,20.991312500000003,4.15998724137931,5240.0,-2.11194
1408,21.031687500000004,4.21335733333333,5259.33333333333,-2.147139
1409,21.068875000000002,4.26101413793103,5270.0,-2.1847655172413
1410,21.107875,4.274397,5276.66666666667,-2.252736
1411,21.145187500000002,4.277958,5280.0,-2.287935
1412,21.178,4.27416931034483,5283.33333333333,-2.2940037931034
1413,21.215375,4.26524133333333,5291.33333333333,-2.1823379999999997
1414,21.257,4.27942827586207,5303.33333333333,-2.1847655172413
1415,21.2929375,4.31915033333333,5316.66666666667,-2.147139
1416,21.336375,4.33390133333333,5303.33333333333,-2.252736
1417,21.372125000000004,4.35203793103448,3766.66666666667,-2.4396548275862
1418,21.363375,4.31813266666667,3722.0,-3.3087073333332997
1419,21.31575,4.31915,3730.66666666667,-3.2383086666666
1420,21.251875000000002,4.30994137931035,3731.33333333333,-3.3499755172413
1421,21.1774375,4.29016133333333,3732.66666666667,-3.2383086666666
1422,21.1120625,4.28626896551724,3640.0,-3.2771493103447997
1423,21.043625000000002,4.25252466666667,3648.66666666667,-3.273508
1424,20.9855,4.26259275862069,3609.33333333333,-3.2407362068965
1425,20.926062499999997,4.24692933333333,3617.33333333333,-3.2383086666666
1426,20.875562499999997,4.226074,3604.0,-3.3087073333332997
1427,20.816062499999997,4.23312517241379,3566.0,-3.2407362068965
1428,20.764,4.21437466666667,3566.0,-3.2383086666666
1429,20.711937499999998,4.20369266666667,3586.66666666667,-3.2383086666666
1430,20.66425,4.2189175862069,3680.0,-3.2407362068965
1431,20.624125,4.23726466666667,3678.0,-3.2031093333333
1432,20.594437499999998,4.28468931034483,3670.66666666667,-3.2043231034482
1433,20.567812500000002,4.34305733333333,3681.33333333333,-3.2031093333333
1434,20.539625,4.3583524137931,3680.0,-3.2407362068965
1435,20.5220625,4.34102266666667,3689.33333333333,-3.2383086666666
1436,20.4969375,4.288128,3705.33333333333,-3.3439066666666
1437,20.4731875,4.25943551724138,3708.0,-3.3135624137931
1438,20.449375000000003,4.274905,3716.0,-3.2383086666666
1439,20.430062500000002,4.28812566666667,3618.66666666667,-3.16791
1440,20.404812500000002,4.29047517241379,3609.33333333333,-3.2771493103447997
1441,20.381,4.265749,3614.0,-3.2031093333333
1442,20.357187500000002,4.22470586206897,3624.66666666667,-3.2771493103447997
1443,20.336375,4.206236,3639.33333333333,-3.3439066666666
1444,20.317125,4.17063266666667,3640.0,-3.2383086666666
1445,20.2963125,4.14104896551724,3656.66666666667,-3.16791
1446,20.278625,4.15537833333333,3652.66666666667,-3.2031093333333
1447,20.25475,4.14622333333333,3620.0,-3.2031093333333
1448,20.2325,4.17629862068966,3625.33333333333,-3.16791
1449,20.213,4.21590066666667,3624.13793103448,-3.2031093333333
1450,20.187749999999998,4.23472133333333,3636.77419354839,-3.2031093333333
1451,20.17275,4.24628034482759,3649.33333333333,-3.2407362068965
1452,20.1580625,4.288127,3669.33333333333,-3.16791
1453,20.137125,4.32779733333333,3660.0,-3.2031093333333
1454,20.12375,4.29521172413793,3660.0,-3.16791
1455,20.1120625,4.25252466666667,3658.66666666667,-3.2383086666666
1456,20.104625000000002,4.19102862068966,3668.0,-3.2043231034482
1457,20.094312500000004,4.163513,3676.0,-3.16791
1458,20.0884375,4.1426275862069,3680.0,-3.16791
1459,20.081,4.129946,3680.0,-3.2383086666666
1460,20.075187500000002,4.10684551724138,3680.0,-3.16791
1461,20.067875,4.104004,3698.0,-3.2383086666666
1462,20.064874999999997,4.12333333333333,3700.0,-3.2383086666666
1463,20.0650625,4.1121075862069,3696.66666666667,-3.2043231034482
1464,20.06075,4.123842,3698.0,-3.2031093333333
1465,20.053375,4.11672066666667,1752.0,-3.2383086666666
1466,20.028125,4.11158137931035,1758.66666666667,-3.2043231034482
1467,19.986312500000004,4.08365733333333,1755.33333333333,-3.273508
1468,19.9388125,4.03686724137931,1760.0,-3.2043231034482
1469,19.8940625,3.98898517241379,1760.0,-3.16791
1470,19.8476875,3.978882,1760.0,-3.16791
1471,19.803125,3.97481266666667,1760.0,-3.16791
1472,19.763125,4.01845275862069,1760.0,-3.16791
1473,19.717000000000002,4.026188,1760.0,-3.2031093333333
1474,19.677000000000003,4.020084,1760.0,-3.16791
1475,19.645750000000003,3.99529965517241,1760.0,-3.16791
1476,19.6100625,3.98854666666667,1760.0,-3.2031093333333
1477,19.574375,3.95583413793103,1760.0,-3.2043231034482
1478,19.546187500000002,3.95192266666667,1760.0,-3.16791
1479,19.510375,3.97328666666667,1760.0,-3.2031093333333
1480,19.48225,3.99635206896552,1760.0,-3.16791
1481,19.451125,4.02974733333333,1760.0,-3.16791
1482,19.428874999999998,4.06580137931034,1760.0,-3.16791
1483,19.403624999999998,4.12079,1760.0,-3.2031093333333
1484,19.3799375,4.15486733333333,1760.0,-3.2031093333333
1485,19.351812499999998,4.20207896551724,1760.0,-3.2043231034482
1486,19.328062499999998,4.19962333333333,1760.0,-3.2031093333333
1487,19.30725,4.180294,1759.33333333333,-3.2031093333333
1488,19.283437499999998,4.16998448275862,1760.0,-3.16791
1489,19.270249999999997,4.146223,3395.33333333333,-3.16791
1490,19.2776875,4.14418866666667,3381.33333333333,-3.16791
1491,19.3418125,4.16419793103448,3383.33333333333,-3.16791
1492,19.428250000000002,4.17063266666667,3381.33333333333,-3.16791
1493,19.5175625,4.16262034482759,3380.0,-3.16791
1494,19.617375000000003,4.181821,3382.66666666667,-3.2031093333333
1495,19.700687499999997,4.23573866666667,3319.33333333333,-3.16791
1496,19.78125,4.28889724137931,3320.0,-3.16791
1497,19.8540625,4.328306,3319.33333333333,-3.16791
1498,19.921062499999998,4.37357733333333,3309.33333333333,-3.16791
1499,19.990875,4.39308206896552,3300.66666666667,-3.2043231034482
1500,20.045937499999997,4.39545,3297.33333333333,-3.2031093333333
1501,20.106937499999997,4.39697566666667,5167.33333333333,-3.2031093333333
1502,20.182812499999997,4.39799266666667,5206.66666666667,-2.1823379999999997
1503,20.2751875,4.39623931034483,5256.66666666667,-2.11194
1504,20.371812499999997,4.375612,5278.66666666667,-2.11194
1505,20.464062499999997,4.36150965517241,5287.33333333333,-2.11194
1506,20.5488125,4.36747333333333,5290.66666666667,-2.11194
1507,20.6291875,4.358826,5289.33333333333,-2.147139
1508,20.708187499999998,4.34560066666667,5290.34482758621,-2.147139
1509,20.7826875,4.3257275862069,5281.29032258064,-2.1483527586206
1510,20.85875,4.30032933333333,5292.0,-2.11194
1511,20.9301875,4.28626862068965,5288.66666666667,-2.1483527586206
1512,20.9989375,4.276431,5280.66666666667,-2.11194
1513,21.0614375,4.253542,3560.0,-2.11194
1514,21.081624999999995,4.21155068965517,3562.66666666667,-2.1483527586206
1515,21.055125,4.181821,3560.0,-2.11194
1516,20.998625,4.163006,3560.0,-2.11194
1517,20.9330625,4.171649,3560.66666666667,-2.1823379999999997
1518,20.8708125,4.16682793103448,3560.0,-2.1483527586206
1519,20.817687499999998,4.162498,3546.0,-2.11194
1520,20.760374999999996,4.15843066666667,3545.33333333333,-2.11194
1521,20.712062500000002,4.15157310344828,3541.33333333333,-2.1483527586206
1522,20.666874999999997,4.13198066666667,3527.33333333333,-2.147139
1523,20.6248125,4.08365733333333,3528.27586206897,-2.11194
1524,20.587375,4.03792034482759,3538.70967741935,-2.1483527586206
1525,20.547062500000003,4.015506,1949.33333333333,-2.11194
1526,20.4753125,4.010928,1964.66666666667,-3.0975126666666
1527,20.36475,4.0363424137931,1963.33333333333,-3.2043231034482
1528,20.2380625,4.04652833333333,1958.66666666667,-3.16791
1529,20.105437499999997,4.04602,1945.33333333333,-3.2031093333333
1530,19.9848125,4.03528965517241,1948.0,-3.16791
1531,19.8718125,4.02517066666667,1950.0,-3.2031093333333
1532,19.767500000000002,4.03178333333333,1938.66666666667,-3.16791
1533,19.667875,4.03792068965517,1933.33333333333,-3.16791
1534,19.566750000000003,4.04602,1940.66666666667,-3.16791
1535,19.4819375,4.04347766666667,1937.33333333333,-3.16791
1536,19.4031875,4.02424103448276,1923.33333333333,-3.2043231034482
1537,19.3199375,3.98752933333333,29.3333333333333,-3.16791
1538,19.226,3.97633866666667,28.6666666666667,-3.16791
1539,19.117312499999997,3.96372724137931,29.3333333333333,-3.2043231034482
1540,19.0086875,3.96260466666667,26.0,-3.16791
1541,18.9075,3.94785333333333,30.0,-3.16791
1542,18.8004375,3.94162655172414,32.6666666666667,-3.16791
1543,18.706562499999997,3.93818866666667,24.6666666666667,-2.851119
1544,18.615875,3.943784,27.3333333333333,-2.217537
1545,18.528125000000003,3.94267896551724,27.3333333333333,-1.8934634482758
1546,18.443437499999998,3.942258,28.6666666666667,-1.548756
1547,18.361625,3.93411933333333,25.3333333333333,0.844776
1548,18.281374999999997,3.93531206896552,24.0,2.221178275862
1549,18.207,3.94531,24.0,3.5199026666666002
1550,18.129687500000003,3.95955266666667,34.2124073014377,6.969412
1551,18.061374999999998,3.9595175862069,34.2124073014377,8.3385303448275
1552,17.9899375,3.95955266666667,34.2124073014377,11.650904
1553,17.9154375,3.92778925925926,34.2124073014377,14.2360666666667
1554,17.8501875,3.92242,34.2124073014377,18.76109
1555,17.787812499999998,3.93457148148148,34.2124073014377,17.3648555555556
1556,17.7253125,3.93268103448276,34.2124073014377,12.416779310344799
1557,17.6644375,3.94095,34.2124073014377,15.801871428571399
1558,17.603375,3.94632733333333,34.2124073014377,18.30349
1559,17.5424375,3.93426,34.2124073014377,19.6629172413793
1560,17.4843125,3.913266,34.2124073014377,23.8297466666667
1561,17.4294375,3.91123166666667,1601.11759290461,25.8713033333333
1562,17.401125,3.91321310344828,1601.11759290461,25.234075862069
1563,17.4294375,3.89852066666667,1601.11759290461,33.2630866666667
1564,17.4799375,3.903606,1620.0,47.58911
1565,17.527625,3.90637586206897,1621.33333333333,36.886175862069
1566,17.5870625,3.903098,1621.33333333333,41.74607
1567,17.636,3.90767366666667,1620.66666666667,37.4165833333333
1568,17.6865,3.90795413793103,1620.66666666667,44.423624137931
1569,17.726750000000003,3.939206,1623.44827586207,47.941103333333295
1570,17.7695625,3.99312366666667,1620.0,60.4367833333333
1571,17.806875,4.05107068965517,1623.33333333333,70.1310689655172
1572,17.8455,4.07246666666667,1633.33333333333,103.273963333333
1573,17.887062500000003,4.14825466666667,3541.33333333333,95.07261
1574,17.9435625,4.149275,3518.66666666667,83.21056333333331
1575,18.016312499999998,4.19576517241379,3526.0,85.49728965517241
1576,18.09075,4.20877933333333,3520.0,101.901146666667
1577,18.159312500000002,4.218444,3510.66666666667,97.1492666666667
1578,18.22025,4.25680448275862,3501.37931034483,68.674575862069
1579,18.282625000000003,4.264732,3508.38709677419,100.387753333333
1580,18.33775,4.29473733333333,3508.66666666667,105.597106666667
1581,18.391375000000004,4.32257034482759,3513.33333333333,137.05774482758602
1582,18.4463125,4.40765333333333,3500.0,127.807633333333
1583,18.4998125,4.44172866666667,3487.09677419355,112.707303333333
1584,18.552000000000003,4.48936793103448,3484.66666666667,121.764462068966
1585,18.6011875,4.446817,3473.79310344828,123.795156666667
1586,18.648812500000002,4.411724,3480.64516129032,121.61281
1587,18.6965,4.49410379310345,3481.33333333333,169.793
1588,18.7575625,4.59889766666667,3480.68965517241,218.867733333333
1589,18.81875,4.75657066666667,3471.33333333333,180.219133333333
1590,18.8739375,4.82821517241379,3468.66666666667,164.440206896552
1591,18.917125,4.74080333333333,3463.22580645161,126.47014000000001
1592,18.9619375,4.68892166666667,3469.65517241379,105.561953333333
1593,18.996312500000002,4.63301137931034,3462.0,135.45572413793099
1594,19.0336875,4.60194866666667,3474.0,141.992966666667
1595,19.0710625,4.67264766666667,3483.33333333333,138.332366666667
1596,19.109875,4.68404793103448,3492.0,133.92624137931
1597,19.144125,4.68230966666667,3499.33333333333,125.66050000000001
1598,19.180125,4.638062,3487.74193548387,109.64505
1599,19.2160625,4.70930413793103,3498.66666666667,136.83924137931
1600,19.253375000000002,4.68994033333333,3500.0,129.074933333333
1601,19.2863125,4.658408,3505.8064516129,149.490333333333
1602,19.322187500000002,4.66668586206897,3517.93103448276,121.873862068966
1603,19.356625,4.628908,3515.33333333333,114.6434
1604,19.386625,4.65027133333333,3513.33333333333,117.8816
1605,19.416499999999996,4.61933103448276,3511.33333333333,129.010655172414
1606,19.446375,4.61568266666667,3508.66666666667,135.164466666667
1607,19.479375,4.61619133333333,3494.66666666667,131.890866666667
1608,19.5108125,4.64826965517241,3501.33333333333,150.057344827586
1609,19.554375,4.678752,1741.29032258065,146.744766666667
1610,19.572375,4.675698,1618.62068965517,142.767166666667
1611,19.566812499999997,4.74824172413793,1618.70967741935,109.38405862069001
1612,19.55775,4.810994,1617.33333333333,123.795
1613,19.548875,4.888307,1616.55172413793,164.555566666667
1614,19.549125,4.97712172413793,1620.0,153.698379310345
1615,19.5433125,4.97629733333333,1619.33333333333,106.054633333333
1616,19.5344375,4.98545333333333,1621.33333333333,112.35526666666699
1617,19.531687499999997,5.07288413793103,1614.0,148.746344827586
1618,19.5320625,5.07903866666667,1607.58620689655,157.4102
1619,19.53375,5.01816275862069,1607.74193548387,144.085482758621
1620,19.5279375,5.02665466666667,1617.33333333333,155.54456666666698
1621,19.5281875,5.02563733333333,3473.10344827586,116.36804000000001
