,T_in,T_out,heatPower,Q_solar
0,290.0,264.75,4825.3335,0.0
1,287.96252,264.75,5236.6665,0.0
2,286.2165,264.75,5234.6665,0.0
3,284.66635,264.75,5239.3335,0.0
4,283.27002,264.75,596.0,0.0
5,281.7725,264.75,44.0,0.0
6,280.30118,264.75,46.0,0.0
7,278.92374,264.75,44.0,0.0
8,277.65652,264.75,4975.3335,0.0
9,276.74515,264.75,5276.6665,0.0
10,276.01743,264.75,5257.3335,0.0
11,275.3907,264.75,5218.6665,0.0
12,274.83118,264.75,5218.6665,0.0
13,274.326,264.75,5215.3335,0.0
14,273.86755,264.75,5211.3335,0.0
15,273.4507,264.75,5192.0,0.0
16,273.0706,264.75,444.66666,0.0
17,272.4871,264.75,38.0,0.0
18,271.8509,264.75,42.0,0.0
19,271.23456,264.75,40.0,0.0
20,270.6603,264.75,4751.3335,0.0
21,270.36856,264.75,5156.6665,0.0
22,270.2059,264.75,5157.3335,0.0
23,270.09473,264.75,5145.3335,0.0
24,270.00616,265.55,5140.0,0.0
25,270.002,265.55,5136.0,0.0
26,269.9995,265.55,5126.6665,0.0
27,269.99725,265.55,5120.0,0.0
28,269.99484,265.55,5116.0,0.0
29,269.99234,265.55,5137.3335,0.0
30,269.99103,265.55,5124.0,0.0
31,269.9895,265.55,5137.3335,0.0
32,269.98865,265.55,542.0,0.0
33,269.75836,265.55,42.666668,0.0
34,269.44174,265.55,48.0,0.0
35,269.11566,265.55,47.333332,0.0
36,268.80533,266.05,4872.6665,0.0
37,268.80444,266.05,5246.0,0.0
38,268.90686,266.05,5231.3335,0.0
39,269.03622,266.05,5234.6665,0.0
40,269.16702,266.05,5255.3335,0.0
41,269.29175,266.05,5263.3335,0.0
42,269.40768,266.05,5287.3335,0.0
43,269.51523,266.05,5284.6665,0.0
44,269.61368,266.05,498.66666,0.0
45,269.46423,266.05,42.666668,0.0
46,269.21994,266.05,44.0,0.0
47,268.95898,266.05,44.666668,0.0
48,268.70776,266.35,44.666668,0.0
49,268.50134,266.35,44.0,0.0
50,268.31174,266.35,41.333332,0.0
51,268.13846,266.35,40.666668,0.0
52,267.9805,266.35,4822.0,0.0
53,268.07568,266.35,5220.0,0.0
54,268.26767,266.35,5230.0,0.0
55,268.48053,266.35,5226.6665,0.0
56,268.68768,266.35,5218.0,0.0
57,268.88055,266.35,5226.0,0.0
58,269.05798,266.35,5235.3335,0.0
59,269.22058,266.35,5252.6665,0.0
60,269.3698,266.55,544.0,0.0
61,269.2887,266.55,44.0,0.0
62,269.10583,266.55,46.0,0.0
63,268.90057,266.55,42.0,0.0
64,268.6997,266.55,4837.3335,0.0
65,268.75162,266.55,5200.6665,0.0
66,268.90097,266.55,5202.0,0.0
67,269.07346,266.55,5197.3335,0.0
68,269.24326,266.55,436.66666,0.0
69,269.16434,266.55,40.0,0.0
70,268.9892,266.55,40.0,0.0
71,268.7929,266.55,42.0,0.0
72,268.6012,266.75,4746.6665,0.0
73,268.67532,266.75,5200.6665,0.0
74,268.8479,266.75,5214.0,0.0
75,269.0432,266.75,5230.0,0.0
76,269.2354,266.75,593.3333,0.0
77,269.18365,266.75,41.333332,0.0
78,269.0279,266.75,42.666668,0.0
79,268.84738,266.75,43.333332,0.0
80,268.66928,266.75,4888.0,0.0
81,268.74448,266.75,5233.3335,0.0
82,268.91504,266.75,5228.0,0.0
83,269.1065,266.75,5240.6665,0.0
84,269.2943,266.65,5250.0,0.0
85,269.4615,266.65,5254.6665,0.0
86,269.61572,266.65,5272.0,0.0
87,269.7577,266.65,5273.3335,0.0
88,269.8875,266.65,5268.0,0.0
89,270.00558,266.65,5278.0,0.0
90,270.1135,266.65,5283.3335,0.0
91,270.2121,266.65,5258.6665,0.0
92,270.30075,266.65,5099.3335,0.0
93,270.37305,266.65,5071.3335,0.0
94,270.43445,266.65,5214.6665,0.0
95,270.49588,266.65,5217.3335,0.0
96,270.55392,266.75,5227.3335,239.64185
97,270.63568,266.75,5230.6665,239.64185
98,270.71066,266.75,5238.0,239.64185
99,270.77948,266.75,5240.0,239.64185
100,270.8424,266.75,5238.6665,239.64185
101,270.8997,266.75,5241.3335,239.64185
102,270.95197,266.75,5244.0,239.64185
103,270.9997,266.75,5260.0,239.64185
104,271.044,266.75,575.3333,239.64185
105,270.85043,266.75,43.333332,239.64185
106,270.56406,266.75,41.333332,239.64185
107,270.26395,266.75,42.666668,239.64185
108,269.9768,266.75,42.0,546.24115
109,269.73438,266.75,41.333332,546.24115
110,269.51196,266.75,38.666668,546.24115
111,269.3088,266.75,40.0,546.24115
112,269.12378,266.75,40.666668,546.24115
113,268.95538,266.75,42.666668,546.24115
114,268.80225,266.75,38.0,546.24115
115,268.66272,266.75,40.0,546.24115
116,268.53583,266.75,40.0,546.24115
117,268.42038,266.75,38.0,546.24115
118,268.31525,266.75,44.666668,546.24115
119,268.2199,266.75,39.333332,546.24115
120,268.133,267.35,42.666668,654.87
121,268.11664,267.35,39.333332,654.87
122,268.10162,267.35,41.333332,654.87
123,268.08798,267.35,46.0,654.87
124,268.07584,267.35,4705.3335,654.87
125,268.2978,267.35,5112.6665,654.87
126,268.60345,267.35,5123.3335,654.87
127,268.9192,267.35,5135.3335,654.87
128,269.22052,267.35,518.6667,654.87
129,269.26892,267.35,43.333332,654.87
130,269.20844,267.35,45.333332,654.87
131,269.1161,267.35,41.333332,654.87
132,269.01852,267.95,45.333332,710.1
133,268.98358,267.95,42.666668,710.1
134,268.94995,267.95,40.666668,710.1
135,268.9186,267.95,40.0,710.1
136,268.8898,267.95,40.666668,710.1
137,268.86353,267.95,43.333332,710.1
138,268.83972,267.95,44.0,710.1
139,268.81815,267.95,44.666668,710.1
140,268.79855,267.95,42.0,710.1
141,268.7806,267.95,44.0,710.1
142,268.76434,267.95,35.333332,710.1
143,268.74915,267.95,40.0,710.1
144,268.7354,268.05,4704.0,964.3587
145,268.98492,268.05,5104.0,964.3587
146,269.31534,268.05,5088.0,964.3587
147,269.65216,268.05,5096.0,964.3587
148,269.97195,268.05,5076.6665,964.3587
149,270.2667,268.05,5077.3335,964.3587
150,270.53625,268.05,5078.0,964.3587
151,270.78204,268.05,5087.3335,964.3587
152,271.00632,268.05,439.33334,964.3587
153,270.97824,268.05,47.333332,964.3587
154,270.85007,268.05,43.333332,964.3587
155,270.6965,268.05,42.0,964.3587
156,270.54352,266.85,43.333332,865.8832
157,270.2837,266.85,44.666668,865.8832
158,270.04575,266.85,46.0,865.8832
159,269.82877,266.85,47.333332,865.8832
160,269.63123,266.85,42.0,865.8832
161,269.4512,266.85,42.0,865.8832
162,269.28732,266.85,46.0,865.8832
163,269.13837,266.85,40.666668,865.8832
164,269.00266,266.85,4828.6665,865.8832
165,269.11847,266.85,5202.6665,865.8832
166,269.32812,266.85,5178.6665,865.8832
167,269.555,266.85,5183.3335,865.8832
168,269.77457,266.75,488.66666,585.29004
169,269.71347,266.75,42.666668,585.29004
170,269.5533,266.75,41.333332,585.29004
171,269.37012,266.75,42.0,585.29004
172,269.19006,266.75,4833.3335,585.29004
173,269.261,266.75,5138.6665,585.29004
174,269.42477,266.75,5092.0,585.29004
175,269.60696,266.75,5082.0,585.29004
176,269.7841,266.75,928.6667,585.29004
177,269.74167,266.75,74.0,585.29004
178,269.58752,266.75,45.333332,585.29004
179,269.4045,266.75,49.333332,585.29004
180,269.2229,266.85,43.333332,102.57
181,269.0234,266.85,42.0,102.57
182,268.83978,266.85,44.0,102.57
183,268.6721,266.85,45.333332,102.57
184,268.51935,266.85,4776.6665,102.57
185,268.61685,266.85,5173.3335,102.57
186,268.81,266.85,5107.3335,102.57
187,269.01978,266.85,5086.6665,102.57
188,269.22177,266.85,5129.3335,102.57
189,269.41168,266.85,5185.3335,102.57
190,269.58945,266.85,5175.3335,102.57
191,269.75247,266.85,5164.0,102.57
192,269.9007,266.15,5082.0,0.0
193,269.96024,266.15,5076.0,0.0
194,270.01266,266.15,5115.3335,0.0
195,270.0617,266.15,5108.0,0.0
196,270.1064,266.15,5110.0,0.0
197,270.14725,266.15,5106.6665,0.0
198,270.18427,266.15,5123.3335,0.0
199,270.21875,266.15,5106.6665,0.0
200,270.24957,266.15,1175.3334,0.0
201,270.08087,266.15,64.666664,0.0
202,269.80148,266.15,46.0,0.0
203,269.5013,266.15,42.666668,0.0
204,269.2116,265.55,4687.3335,0.0
205,269.12015,265.55,5050.6665,0.0
206,269.13605,265.55,5037.3335,0.0
207,269.1853,265.55,5024.6665,0.0
208,269.24194,265.55,884.0,0.0
209,269.0907,265.55,53.333332,0.0
210,268.83905,265.55,38.666668,0.0
211,268.56854,265.55,36.0,0.0
212,268.30743,265.55,36.0,0.0
213,268.0645,265.55,38.0,0.0
214,267.84167,265.55,41.333332,0.0
215,267.63846,265.55,44.0,0.0
216,267.45352,265.45,44.0,0.0
217,267.27625,265.45,42.0,0.0
218,267.11484,265.45,38.666668,0.0
219,266.9678,265.45,44.666668,0.0
220,266.83426,265.45,4784.6665,0.0
221,266.9498,265.45,5171.3335,0.0
222,267.15906,265.45,5158.0,0.0
223,267.38602,265.45,5204.0,0.0
224,267.6079,265.45,5232.0,0.0
225,267.81668,265.45,5240.0,0.0
226,268.0095,265.45,5243.3335,0.0
227,268.1861,265.45,5240.6665,0.0
228,268.34708,265.35,5243.3335,0.0
229,268.48474,265.35,5248.0,0.0
230,268.61032,265.35,5256.6665,0.0
231,268.72513,265.35,5276.0,0.0
232,268.83075,265.35,526.0,0.0
233,268.6898,265.35,44.0,0.0
234,268.45264,265.35,43.333332,0.0
235,268.19788,265.35,42.0,0.0
236,267.9521,265.35,42.0,0.0
237,267.72345,265.35,40.0,0.0
238,267.51355,265.35,40.666668,0.0
239,267.32193,265.35,39.333332,0.0
240,267.1473,264.45,4760.6665,0.0
241,267.14313,264.45,5157.3335,0.0
242,267.2436,264.45,5148.6665,0.0
243,267.37186,264.45,5134.6665,0.0
244,267.50104,264.45,440.0,0.0
245,267.38834,264.45,42.666668,0.0
246,267.1836,264.45,40.666668,0.0
247,266.96063,264.45,44.0,0.0
248,266.7448,264.45,42.666668,0.0
249,266.54376,264.45,44.0,0.0
250,266.35925,264.45,45.333332,0.0
251,266.19086,264.45,42.666668,0.0
252,266.03732,263.75,4832.6665,0.0
253,266.07382,263.75,5214.0,0.0
254,266.21173,263.75,5208.0,0.0
255,266.3744,263.75,5210.0,0.0
256,266.53577,263.75,486.0,0.0
257,266.45123,263.75,42.666668,0.0
258,266.26938,263.75,48.666668,0.0
259,266.06668,263.75,43.333332,0.0
260,265.86868,263.75,4884.6665,0.0
261,265.9257,263.75,5233.3335,0.0
262,266.07983,263.75,5222.0,0.0
263,266.2561,263.75,5224.0,0.0
264,266.42947,262.55,5235.3335,0.0
265,266.4841,262.55,5240.6665,0.0
266,266.53598,262.55,5255.3335,0.0
267,266.5847,262.55,5260.0,0.0
268,266.62976,262.55,562.6667,0.0
269,266.43625,262.55,42.666668,0.0
270,266.15027,262.55,42.666668,0.0
271,265.85077,262.55,42.0,0.0
272,265.56418,262.55,4774.6665,0.0
273,265.53497,262.55,5153.3335,0.0
274,265.61017,262.55,5144.6665,0.0
275,265.71457,262.55,5111.3335,0.0
276,265.82077,262.55,5116.0,0.0
277,265.92163,262.55,5115.3335,0.0
278,266.01486,262.55,5105.3335,0.0
279,266.09973,262.55,5098.6665,0.0
280,266.1766,262.55,5103.3335,0.0
281,266.24667,262.55,5114.0,0.0
282,266.311,262.55,5114.6665,0.0
283,266.36975,262.55,5104.6665,0.0
284,266.4228,262.55,487.33334,0.0
285,266.24008,262.55,42.666668,0.0
286,265.969,262.55,40.666668,0.0
287,265.68472,262.55,43.333332,0.0
288,265.41278,262.55,4729.3335,0.0
289,265.39487,262.55,5129.3335,0.0
290,265.48065,262.55,5120.0,0.0
291,265.59476,262.55,5121.3335,0.0
292,265.71155,262.55,5122.6665,0.0
293,265.8225,262.55,5120.0,0.0
294,265.92502,262.55,5122.6665,0.0
295,266.01895,262.55,5164.6665,0.0
296,266.10678,262.55,518.6667,0.0
297,265.95526,262.55,43.333332,0.0
298,265.71085,262.55,46.0,0.0
299,265.4505,262.55,44.0,0.0
300,265.19995,262.85,42.666668,0.0
301,264.9941,262.85,40.666668,0.0
302,264.80493,262.85,44.0,0.0
303,264.63232,262.85,46.666668,0.0
304,264.47522,262.85,4776.0,0.0
305,264.5687,262.85,5096.6665,0.0
306,264.75436,262.85,5072.0,0.0
307,264.95804,262.85,5143.3335,0.0
308,265.15933,262.85,5149.3335,0.0
309,265.3485,262.85,5186.0,0.0
310,265.5246,262.85,5188.0,0.0
311,265.68634,262.85,5190.0,0.0
312,265.83414,264.65,462.66666,0.0
313,265.89496,264.65,40.666668,0.0
314,265.84467,264.65,43.333332,0.0
315,265.76126,264.65,42.0,0.0
316,265.67184,264.65,4827.3335,0.0
317,265.82486,264.65,5198.0,0.0
318,266.06647,264.65,5191.3335,0.0
319,266.32257,264.65,5210.0,0.0
320,266.5695,264.65,425.33334,0.0
321,266.55994,264.65,42.666668,0.0
322,266.44833,264.65,42.666668,0.0
323,266.30997,264.65,46.0,0.0
324,266.17108,264.95,4770.6665,0.0
325,266.3033,264.95,5160.0,0.0
326,266.5259,264.95,5159.3335,0.0
327,266.765,264.95,5160.0,0.0
328,266.99567,264.95,559.3333,0.0
329,266.9802,264.95,44.666668,0.0
330,266.8598,264.95,41.333332,0.0
331,266.71204,264.95,42.0,0.0
332,266.56396,264.95,4790.6665,0.0
333,266.66177,264.95,5198.6665,0.0
334,266.85434,264.95,5202.0,0.0
335,267.06677,264.95,5217.3335,0.0
336,267.2741,266.55,5228.0,0.0
337,267.6127,266.55,5245.3335,0.0
338,267.92358,266.55,5243.3335,0.0
339,268.20734,266.55,5266.0,0.0
340,268.46695,266.55,5262.0,0.0
341,268.70346,266.55,5244.0,0.0
342,268.91785,266.55,5240.6665,0.0
343,269.11246,266.55,5247.3335,0.0
344,269.28967,266.55,5251.3335,0.0
345,269.45117,266.55,5249.3335,0.0
346,269.5981,266.55,5254.0,0.0
347,269.73203,266.55,5270.0,0.0
348,269.85474,267.15,5265.3335,0.0
349,270.0206,267.15,5282.0,0.0
350,270.17236,267.15,5225.3335,0.0
351,270.3079,267.15,5142.0,0.0
352,270.42615,267.15,5147.3335,0.0
353,270.53217,267.15,5182.6665,0.0
354,270.62985,267.15,5176.0,0.0
355,270.7188,267.15,5170.0,0.0
356,270.7995,267.15,474.0,0.0
357,270.63806,267.15,40.0,0.0
358,270.38547,267.15,42.0,0.0
359,270.11792,267.15,38.666668,0.0
360,269.86084,267.45,43.333332,0.0
361,269.64938,267.45,45.333332,0.0
362,269.4554,267.45,42.0,0.0
363,269.2782,267.45,41.333332,0.0
364,269.11667,267.45,44.666668,0.0
365,268.9698,267.45,47.333332,0.0
366,268.8363,267.45,42.666668,0.0
367,268.7147,267.45,38.0,0.0
368,268.60376,267.45,40.0,0.0
369,268.5028,267.45,40.0,0.0
370,268.41095,267.45,42.0,0.0
371,268.32748,267.45,37.333332,0.0
372,268.25134,267.55,42.666668,0.0
373,268.1913,267.55,38.666668,0.0
374,268.13657,267.55,39.333332,0.0
375,268.08673,267.55,40.666668,0.0
376,268.04144,267.55,4727.3335,0.0
377,268.23456,267.55,5146.6665,0.0
378,268.51505,267.55,5152.6665,0.0
379,268.808,267.55,5180.6665,0.0
380,269.0895,267.55,488.66666,0.0
381,269.11636,267.55,39.333332,0.0
382,269.03635,267.55,44.0,0.0
383,268.9264,267.55,41.333332,0.0
384,268.81293,268.45,45.333332,274.69324
385,268.8077,268.45,47.333332,274.69324
386,268.8014,268.45,44.0,274.69324
387,268.79492,268.45,43.333332,274.69324
388,268.78873,268.45,42.0,274.69324
389,268.78293,268.45,41.333332,274.69324
390,268.77756,268.45,41.333332,274.69324
391,268.77264,268.45,41.333332,274.69324
392,268.76816,268.45,38.0,274.69324
393,268.7639,268.45,44.0,274.69324
394,268.76025,268.45,46.0,274.69324
395,268.75714,268.45,47.333332,274.69324
396,268.75443,269.05,4884.6665,597.2636
397,269.0731,269.05,5134.0,597.2636
398,269.462,269.05,5125.3335,597.2636
399,269.8508,269.05,5119.3335,597.2636
400,270.21674,269.05,5107.3335,597.2636
401,270.55344,269.05,5114.6665,597.2636
402,270.86148,269.05,5119.3335,597.2636
403,271.1426,269.05,5138.6665,597.2636
404,271.39963,269.05,506.0,597.2636
405,271.40234,269.05,44.0,597.2636
406,271.299,269.05,44.0,597.2636
407,271.16714,269.05,40.666668,597.2636
408,271.03348,269.75,48.0,189.36
409,270.93872,269.75,42.0,189.36
410,270.8506,269.75,41.333332,189.36
411,270.76968,269.75,40.0,189.36
412,270.69574,269.75,46.666668,189.36
413,270.6287,269.75,44.0,189.36
414,270.56763,269.75,43.333332,189.36
415,270.51202,269.75,41.333332,189.36
416,270.4613,269.75,4781.3335,189.36
417,270.65207,269.75,5162.6665,189.36
418,270.92947,269.75,5154.0,189.36
419,271.21857,269.75,5140.6665,189.36
420,271.49405,269.75,547.3333,473.4
421,271.54163,269.75,42.0,473.4
422,271.4791,269.75,39.333332,473.4
423,271.38422,269.75,38.666668,473.4
424,271.28427,269.75,4722.6665,473.4
425,271.4226,269.75,5155.3335,473.4
426,271.65213,269.75,5144.6665,473.4
427,271.89752,269.75,5165.3335,473.4
428,272.1349,269.75,545.3333,473.4
429,272.12494,269.75,39.333332,473.4
430,272.00977,269.75,40.666668,473.4
431,271.86707,269.75,41.333332,473.4
432,271.72372,271.45,41.333332,244.59
433,271.72406,271.45,40.666668,244.59
434,271.72256,271.45,44.666668,244.59
435,271.72073,271.45,42.0,244.59
436,271.71878,271.45,4728.6665,244.59
437,271.9512,271.45,5167.3335,244.59
438,272.26837,271.45,5161.3335,244.59
439,272.59445,271.45,5142.6665,244.59
440,272.90363,271.45,5184.6665,244.59
441,273.19147,271.45,5178.0,244.59
442,273.45535,271.45,5196.0,244.59
443,273.69708,271.45,5188.6665,244.59
444,273.9172,271.95,5198.6665,347.16
445,274.17117,271.95,5191.3335,347.16
446,274.40204,271.95,5182.6665,347.16
447,274.6116,271.95,5178.6665,347.16
448,274.80188,271.95,5176.0,347.16
449,274.97473,271.95,5166.6665,347.16
450,275.1314,271.95,5180.0,347.16
451,275.27444,271.95,5178.0,347.16
452,275.40463,271.95,486.0,347.16
453,275.28854,271.95,43.333332,347.16
454,275.07687,271.95,40.666668,347.16
455,274.84625,271.95,44.0,347.16
456,274.62296,274.05,4775.3335,236.7
457,274.83243,274.05,5160.0,236.7
458,275.12506,274.05,5152.0,236.7
459,275.42743,274.05,5132.6665,236.7
460,275.71448,274.05,521.3333,236.7
461,275.7494,274.05,38.0,236.7
462,275.67606,274.05,40.0,236.7
463,275.5718,274.05,43.333332,236.7
464,275.4637,274.05,40.666668,236.7
465,275.3605,274.05,39.333332,236.7
466,275.2648,274.05,38.666668,236.7
467,275.17703,274.05,41.333332,236.7
468,275.09708,274.65,42.0,31.56
469,275.0625,274.65,38.0,31.56
470,275.03082,274.65,40.666668,31.56
471,275.00208,274.65,40.0,31.56
472,274.9759,274.65,4722.6665,31.56
473,275.18616,274.65,5051.3335,31.56
474,275.47763,274.65,5031.3335,31.56
475,275.77768,274.65,5039.3335,31.56
476,276.0635,274.65,5026.6665,31.56
477,276.32755,274.65,5010.0,31.56
478,276.56833,274.65,5017.3335,31.56
479,276.788,274.65,5011.3335,31.56
480,276.98773,273.85,5000.0,0.0
481,277.0942,273.85,5004.6665,0.0
482,277.19113,273.85,5086.6665,0.0
483,277.28342,273.85,5155.3335,0.0
484,277.37228,273.85,516.0,0.0
485,277.22296,273.85,40.666668,0.0
486,276.98102,273.85,40.0,0.0
487,276.7229,273.85,42.666668,0.0
488,276.4746,273.85,38.666668,0.0
489,276.24368,273.85,38.0,0.0
490,276.03177,273.85,40.0,0.0
491,275.8384,273.85,42.0,0.0
492,275.66238,273.65,4660.6665,0.0
493,275.71506,273.65,5082.6665,0.0
494,275.86667,273.65,5060.6665,0.0
495,276.0406,273.65,5050.6665,0.0
496,276.2112,273.65,417.33334,0.0
497,276.13925,273.65,42.666668,0.0
498,275.97375,273.65,38.0,0.0
499,275.78717,273.65,40.666668,0.0
500,275.60468,273.65,4684.6665,0.0
501,275.66623,273.65,5061.3335,0.0
502,275.82248,273.65,5038.0,0.0
503,275.99936,273.65,5028.6665,0.0
504,276.17224,273.05,5018.6665,0.0
505,276.27914,273.05,5012.0,0.0
506,276.37744,273.05,5024.0,0.0
507,276.46783,273.05,5036.6665,0.0
508,276.55106,273.05,5044.6665,0.0
509,276.62753,273.05,5036.6665,0.0
510,276.697,273.05,5018.0,0.0
511,276.7592,273.05,5022.6665,0.0
512,276.81564,273.05,5161.3335,0.0
513,276.8739,273.05,5155.3335,0.0
514,276.92908,273.05,5142.0,0.0
515,276.9794,273.05,5146.0,0.0
516,277.02542,272.65,5139.3335,0.0
517,277.03094,272.65,5158.0,0.0
518,277.0368,272.65,5156.0,0.0
519,277.04236,272.65,5156.0,0.0
520,277.0475,272.65,5154.6665,0.0
521,277.0521,272.65,5148.6665,0.0
522,277.056,272.65,5153.3335,0.0
523,277.05966,272.65,5140.0,0.0
524,277.06238,272.65,5143.3335,0.0
525,277.0648,272.65,5140.0,0.0
526,277.0668,272.65,5132.0,0.0
527,277.06815,272.65,5136.0,0.0
528,277.0694,271.55,5142.0,0.0
529,276.9716,271.55,5145.3335,0.0
530,276.8829,271.55,5139.3335,0.0
531,276.80203,271.55,5143.3335,0.0
532,276.7286,271.55,5159.3335,0.0
533,276.66263,271.55,5160.0,0.0
534,276.60294,271.55,5168.6665,0.0
535,276.5492,271.55,5158.6665,0.0
536,276.5,271.55,5170.6665,0.0
537,276.45575,271.55,5164.0,0.0
538,276.4153,271.55,5176.6665,0.0
539,276.37912,271.55,5162.0,0.0
540,276.34564,272.35,5176.0,0.0
541,276.3879,272.35,5178.0,0.0
542,276.4266,272.35,5178.0,0.0
543,276.4619,272.35,5178.6665,0.0
544,276.4941,272.35,5186.0,0.0
545,276.52377,272.35,5199.3335,0.0
546,276.55157,272.35,5196.0,0.0
547,276.577,272.35,5199.3335,0.0
548,276.60034,272.35,5194.6665,0.0
549,276.62143,272.35,5184.0,0.0
550,276.64,272.35,5178.6665,0.0
551,276.65643,272.35,5190.6665,0.0
552,276.6718,272.55,5192.6665,0.0
553,276.7041,272.55,5195.3335,0.0
554,276.7337,272.55,5197.3335,0.0
555,276.7608,272.55,5181.3335,0.0
556,276.78473,272.55,5169.3335,0.0
557,276.80563,272.55,5169.3335,0.0
558,276.82434,272.55,5180.6665,0.0
559,276.84183,272.55,5185.3335,0.0
560,276.85812,272.55,5182.6665,0.0
561,276.87296,272.55,5195.3335,0.0
562,276.8871,272.55,5200.0,0.0
563,276.9004,272.55,5201.3335,0.0
564,276.91275,273.15,5214.0,0.0
565,276.97885,273.15,5206.0,0.0
566,277.03882,273.15,5215.3335,0.0
567,277.09378,273.15,5199.3335,0.0
568,277.14316,273.15,5200.6665,0.0
569,277.1879,273.15,5214.0,0.0
570,277.22922,273.15,5208.0,0.0
571,277.26672,273.15,5193.3335,0.0
572,277.30008,273.15,5191.3335,0.0
573,277.33005,273.15,5190.0,0.0
574,277.35712,273.15,5194.6665,0.0
575,277.3819,273.15,5172.6665,0.0
576,277.4034,273.35,5168.6665,0.0
577,277.44046,273.35,5164.0,0.0
578,277.47372,273.35,5156.6665,0.0
579,277.50348,273.35,5168.6665,0.0
580,277.53094,273.35,5158.6665,0.0
581,277.55557,273.35,5152.6665,0.0
582,277.57758,273.35,5150.0,0.0
583,277.5973,273.35,5159.3335,0.0
584,277.6156,273.35,524.6667,0.0
585,277.4007,273.35,44.0,0.0
586,277.0983,273.35,41.333332,0.0
587,276.78482,273.35,44.0,0.0
588,276.48602,273.45,41.333332,0.0
589,276.2182,273.45,38.0,0.0
590,275.97256,273.45,41.333332,0.0
591,275.74857,273.45,38.666668,0.0
592,275.54443,273.45,42.0,0.0
593,275.35876,273.45,40.666668,0.0
594,275.1898,273.45,37.333332,0.0
595,275.0359,273.45,40.0,0.0
596,274.89594,273.45,37.333332,0.0
597,274.7685,273.45,38.666668,0.0
598,274.65256,273.45,39.333332,0.0
599,274.54712,273.45,38.666668,0.0
600,274.45117,273.75,41.333332,0.0
601,274.39108,273.75,38.0,0.0
602,274.3363,273.75,42.0,0.0
603,274.2866,273.75,38.0,0.0
604,274.24124,273.75,42.666668,0.0
605,274.20016,273.75,41.333332,0.0
606,274.16278,273.75,42.0,0.0
607,274.1288,273.75,42.0,0.0
608,274.0979,273.75,38.0,0.0
609,274.06958,273.75,41.333332,0.0
610,274.0439,273.75,42.666668,0.0
611,274.02066,273.75,40.0,0.0
612,273.99942,272.65,40.0,0.0
613,273.8808,272.65,44.0,0.0
614,273.77307,272.65,47.333332,0.0
615,273.67532,272.65,48.666668,0.0
616,273.58655,272.65,44.0,0.0
617,273.50558,272.65,44.0,0.0
618,273.4319,272.65,50.0,0.0
619,273.3651,272.65,44.666668,0.0
620,273.30417,272.65,44.0,0.0
621,273.24863,272.65,44.666668,0.0
622,273.19812,272.65,43.333332,0.0
623,273.1521,272.65,44.666668,0.0
624,273.11026,271.75,44.666668,0.0
625,272.991,271.75,43.333332,0.0
626,272.88245,271.75,4838.6665,0.0
627,273.0234,271.75,5120.6665,0.0
628,273.25153,271.75,5122.0,0.0
629,273.49484,271.75,5140.0,0.0
630,273.72992,271.75,5140.6665,0.0
631,273.94873,271.75,5130.0,0.0
632,274.14905,271.75,5134.0,0.0
633,274.33194,271.75,5122.0,0.0
634,274.49796,271.75,5138.0,0.0
635,274.64966,271.75,5152.0,0.0
636,274.78864,272.75,5173.3335,0.0
637,275.0067,272.75,5160.0,0.0
638,275.20493,272.75,5178.6665,0.0
639,275.38614,272.75,5193.3335,0.0
640,275.55203,272.75,5188.6665,0.0
641,275.7031,272.75,5196.0,0.0
642,275.84097,272.75,5204.6665,0.0
643,275.96698,272.75,5219.3335,0.0
644,276.08258,272.75,5148.0,0.0
645,276.1845,272.75,5164.6665,0.0
646,276.27692,272.75,5162.6665,0.0
647,276.36078,272.75,5171.3335,0.0
648,276.43744,272.25,5179.3335,0.0
649,276.4626,272.25,5178.6665,0.0
650,276.48563,272.25,5182.0,0.0
651,276.50684,272.25,5200.6665,0.0
652,276.52713,272.25,5191.3335,0.0
653,276.5455,272.25,5203.3335,0.0
654,276.56277,272.25,5206.0,0.0
655,276.57883,272.25,5184.0,0.0
656,276.59244,272.25,5162.6665,0.0
657,276.60342,272.25,5171.3335,0.0
658,276.61334,272.25,5198.6665,0.0
659,276.6237,272.25,5200.6665,0.0
660,276.6337,272.35,5216.6665,0.0
661,276.65283,272.35,5220.0,0.0
662,276.67078,272.35,5220.0,0.0
663,276.6873,272.35,5224.6665,0.0
664,276.7026,272.35,5235.3335,0.0
665,276.71716,272.35,5223.3335,0.0
666,276.73004,272.35,5228.0,0.0
667,276.74185,272.35,5200.6665,0.0
668,276.75128,272.35,5123.3335,0.0
669,276.75552,272.35,5081.3335,0.0
670,276.75574,272.35,5079.3335,0.0
671,276.75452,272.35,5078.6665,0.0
672,276.75287,272.15,5080.0,296.54565
673,276.7563,272.15,5085.3335,296.54565
674,276.7596,272.15,5098.6665,296.54565
675,276.7634,272.15,5096.6665,296.54565
676,276.767,272.15,5098.6665,296.54565
677,276.77045,272.15,5100.0,296.54565
678,276.77368,272.15,5108.0,296.54565
679,276.77707,272.15,5095.3335,296.54565
680,276.7797,272.15,5083.3335,296.54565
681,276.7813,272.15,5125.3335,296.54565
682,276.7846,272.15,5120.0,296.54565
683,276.788,272.15,5121.3335,296.54565
684,276.79126,271.85,5126.6665,658.04736
685,276.79565,271.85,5138.0,658.04736
686,276.80035,271.85,5130.0,658.04736
687,276.80447,271.85,5131.3335,658.04736
688,276.80823,271.85,5140.0,658.04736
689,276.81207,271.85,5142.0,658.04736
690,276.81586,271.85,5134.6665,658.04736
691,276.819,271.85,5160.0,658.04736
692,276.82303,271.85,5148.6665,658.04736
693,276.82657,271.85,5151.3335,658.04736
694,276.82986,271.85,5171.3335,658.04736
695,276.8339,271.85,5176.6665,658.04736
696,276.8382,272.25,5130.0,1153.474
697,276.91467,272.25,5131.3335,1153.474
698,276.98355,272.25,5102.6665,1153.474
699,277.04453,272.25,5100.6665,1153.474
700,277.09927,272.25,5100.6665,1153.474
701,277.14883,272.25,5118.6665,1153.474
702,277.19473,272.25,5124.0,1153.474
703,277.23706,272.25,5134.0,1153.474
704,277.27628,272.25,5141.3335,1153.474
705,277.31256,272.25,5144.0,1153.474
706,277.34592,272.25,5152.6665,1153.474
707,277.37683,272.25,5145.3335,1153.474
708,277.4048,272.85,5154.0,528.63
709,277.4361,272.85,5148.0,528.63
710,277.46442,272.85,5147.3335,528.63
711,277.49008,272.85,5141.3335,528.63
712,277.5131,272.85,5140.6665,528.63
713,277.53387,272.85,5142.0,528.63
714,277.5528,272.85,5160.0,528.63
715,277.57092,272.85,5155.3335,528.63
716,277.5875,272.85,5140.6665,528.63
717,277.60187,272.85,5143.3335,528.63
718,277.61484,272.85,5160.0,528.63
719,277.62744,272.85,5160.0,528.63
720,277.6392,272.85,5160.0,418.17
721,277.64136,272.85,5160.6665,418.17
722,277.6434,272.85,5156.6665,418.17
723,277.64508,272.85,5149.3335,418.17
724,277.64618,272.85,5152.0,418.17
725,277.6472,272.85,5160.0,418.17
726,277.64847,272.85,5160.0,418.17
727,277.64978,272.85,5204.0,418.17
728,277.65323,272.85,5197.3335,418.17
729,277.65683,272.85,5198.6665,418.17
730,277.66034,272.85,5199.3335,418.17
731,277.66367,272.85,5201.3335,418.17
732,277.66684,273.75,5192.6665,402.39
733,277.74933,273.75,5197.3335,402.39
734,277.82443,273.75,5203.3335,402.39
735,277.8931,273.75,5202.0,402.39
736,277.95563,273.75,5206.0,402.39
737,278.01273,273.75,5194.0,402.39
738,278.06415,273.75,5198.0,402.39
739,278.11096,273.75,5196.0,402.39
740,278.15344,273.75,5188.6665,402.39
741,278.19168,273.75,5182.0,402.39
742,278.226,273.75,5174.6665,402.39
743,278.2567,273.75,5167.3335,402.39
744,278.2841,274.45,5166.6665,260.37
745,278.36087,274.45,5159.3335,260.37
746,278.43027,274.45,5154.0,260.37
747,278.49295,274.45,5155.3335,260.37
748,278.5499,274.45,5143.3335,260.37
749,278.60107,274.45,5144.6665,260.37
750,278.6475,274.45,5126.0,260.37
751,278.68872,274.45,5102.6665,260.37
752,278.7247,274.45,518.0,260.37
753,278.5277,274.45,40.0,260.37
754,278.2424,274.45,38.666668,260.37
755,277.9448,274.45,41.333332,260.37
756,277.66055,273.35,40.0,31.56
757,277.28,273.35,40.0,31.56
758,276.93204,273.35,42.0,31.56
759,276.61496,273.35,38.666668,31.56
760,276.32614,273.35,44.666668,31.56
761,276.06354,273.35,37.333332,31.56
762,275.8243,273.35,38.666668,31.56
763,275.60663,273.35,40.0,31.56
764,275.40863,273.35,37.333332,31.56
765,275.22836,273.35,40.0,31.56
766,275.06445,273.35,41.333332,31.56
767,274.91544,273.35,44.666668,31.56
768,274.78006,273.35,44.666668,0.0
769,274.6545,273.35,42.0,0.0
770,274.5402,273.35,44.666668,0.0
771,274.43628,273.35,46.0,0.0
772,274.34183,273.35,43.333332,0.0
773,274.2558,273.35,44.666668,0.0
774,274.17755,273.35,42.666668,0.0
775,274.1063,273.35,45.333332,0.0
776,274.04156,273.35,39.333332,0.0
777,273.9824,273.35,40.666668,0.0
778,273.92853,273.35,44.0,0.0
779,273.8797,273.35,43.333332,0.0
780,273.8353,272.15,42.0,0.0
781,273.68652,272.15,43.333332,0.0
782,273.55127,272.15,44.0,0.0
783,273.42828,272.15,43.333332,0.0
784,273.31638,272.15,45.333332,0.0
785,273.21466,272.15,44.0,0.0
786,273.12207,272.15,46.0,0.0
787,273.03793,272.15,45.333332,0.0
788,272.96136,272.15,43.333332,0.0
789,272.8916,272.15,42.0,0.0
790,272.82803,272.15,42.0,0.0
791,272.77017,272.15,39.333332,0.0
792,272.71738,271.95,45.333332,0.0
793,272.65155,271.95,44.0,0.0
794,272.59167,271.95,4768.0,0.0
795,272.77338,271.95,5176.0,0.0
796,273.04358,271.95,5148.0,0.0
797,273.32553,271.95,5142.0,0.0
798,273.5947,271.95,5120.0,0.0
799,273.843,271.95,5050.6665,0.0
800,274.06665,271.95,5022.0,0.0
801,274.26788,271.95,4990.0,0.0
802,274.44858,271.95,4986.6665,0.0
803,274.61194,271.95,5043.3335,0.0
804,274.76303,271.95,5051.3335,0.0
805,274.9018,271.95,5048.6665,0.0
806,275.02835,271.95,5040.0,0.0
807,275.1432,271.95,5040.6665,0.0
808,275.2476,271.95,5120.6665,0.0
809,275.34653,271.95,5135.3335,0.0
810,275.43872,271.95,5121.3335,0.0
811,275.52264,271.95,5142.6665,0.0
812,275.6001,271.95,5106.6665,0.0
813,275.66916,271.95,5096.0,0.0
814,275.73096,271.95,5105.3335,0.0
815,275.78726,271.95,5100.6665,0.0
816,275.8383,270.65,5106.6665,0.0
817,275.76764,270.65,5100.0,0.0
818,275.70316,270.65,5099.3335,0.0
819,275.64438,270.65,5099.3335,0.0
820,275.59085,270.65,5101.3335,0.0
821,275.54224,270.65,5110.0,0.0
822,275.49847,270.65,5111.3335,0.0
823,275.4589,270.65,5057.3335,0.0
824,275.42026,270.65,5048.6665,0.0
825,275.38376,270.65,5042.6665,0.0
826,275.34976,270.65,5050.0,0.0
827,275.3189,270.65,5037.3335,0.0
828,275.29022,270.25,5047.3335,0.0
829,275.2283,270.25,5040.6665,0.0
830,275.17175,270.25,5046.6665,0.0
831,275.12054,270.25,5056.0,0.0
832,275.0745,270.25,5022.0,0.0
833,275.0311,270.25,5084.0,0.0
834,274.99417,270.25,5132.6665,0.0
835,274.96393,270.25,5163.3335,0.0
836,274.93915,270.25,506.66666,0.0
837,274.68478,270.25,39.333332,0.0
838,274.34705,270.25,41.333332,0.0
839,274.00186,270.25,40.0,0.0
840,273.67416,269.75,44.666668,0.0
841,273.32626,269.75,44.0,0.0
842,273.00806,269.75,40.0,0.0
843,272.71774,269.75,40.666668,0.0
844,272.45337,269.75,40.666668,0.0
845,272.21274,269.75,42.0,0.0
846,271.99387,269.75,45.333332,0.0
847,271.7949,269.75,47.333332,0.0
848,271.61404,269.75,45.333332,0.0
849,271.44946,269.75,39.333332,0.0
850,271.2994,269.75,43.333332,0.0
851,271.163,269.75,44.0,0.0
852,271.03894,269.45,40.0,0.0
853,270.89883,269.45,43.333332,0.0
854,270.77145,269.45,42.0,0.0
855,270.65555,269.45,38.666668,0.0
856,270.54993,269.45,41.333332,0.0
857,270.4539,269.45,40.666668,0.0
858,270.36652,269.45,42.0,0.0
859,270.28708,269.45,42.0,0.0
860,270.21484,269.45,41.333332,0.0
861,270.14908,269.45,38.0,0.0
862,270.08908,269.45,40.0,0.0
863,270.03455,269.45,42.0,0.0
864,269.98502,269.35,39.333332,0.0
865,269.93085,269.35,40.0,0.0
866,269.88156,269.35,43.333332,0.0
867,269.83688,269.35,40.666668,0.0
868,269.79617,269.35,41.333332,0.0
869,269.75916,269.35,40.666668,0.0
870,269.72543,269.35,42.0,0.0
871,269.69482,269.35,38.666668,0.0
872,269.6668,269.35,42.666668,0.0
873,269.64148,269.35,40.666668,0.0
874,269.61838,269.35,39.333332,0.0
875,269.5973,269.35,46.666668,0.0
876,269.57843,268.95,44.666668,0.0
877,269.5252,268.95,44.666668,0.0
878,269.4768,268.95,4822.0,0.0
879,269.6716,268.95,5187.3335,0.0
880,269.9525,268.95,5172.6665,0.0
881,270.24448,268.95,5167.3335,0.0
882,270.52286,268.95,5171.3335,0.0
883,270.78088,268.95,5152.0,0.0
884,271.01636,268.95,5145.3335,0.0
885,271.23053,268.95,5097.3335,0.0
886,271.42297,268.95,5096.6665,0.0
887,271.59714,268.95,5074.0,0.0
888,271.75415,269.95,5052.0,0.0
889,271.98563,269.95,5047.3335,0.0
890,272.19537,269.95,5051.3335,0.0
891,272.3861,269.95,5109.3335,0.0
892,272.5625,269.95,5100.0,0.0
893,272.72354,269.95,5102.0,0.0
894,272.87036,269.95,5092.6665,0.0
895,273.00357,269.95,5072.6665,0.0
896,273.12363,269.95,5094.0,0.0
897,273.23352,269.95,5192.6665,0.0
898,273.33868,269.95,5216.0,0.0
899,273.43738,269.95,5236.0,0.0
900,273.52924,269.95,5236.6665,0.0
901,273.6136,269.95,5229.3335,0.0
902,273.69025,269.95,5228.0,0.0
903,273.7599,269.95,5240.6665,0.0
904,273.82385,269.95,5139.3335,0.0
905,273.8772,269.95,5092.6665,0.0
906,273.92166,269.95,5092.0,0.0
907,273.96063,269.95,5082.6665,0.0
908,273.9951,269.95,5082.6665,0.0
909,274.02606,269.95,5098.6665,0.0
910,274.05493,269.95,5102.0,0.0
911,274.0816,269.95,5104.6665,0.0
912,274.10614,269.85,5122.0,0.0
913,274.1204,269.85,5140.0,0.0
914,274.1346,269.85,5139.3335,0.0
915,274.14798,269.85,5147.3335,0.0
916,274.16068,269.85,5173.3335,0.0
917,274.17374,269.85,5184.0,0.0
918,274.18668,269.85,5180.6665,0.0
919,274.19867,269.85,5177.3335,0.0
920,274.20947,269.85,571.3333,0.0
921,273.989,269.85,40.0,0.0
922,273.6795,269.85,44.0,0.0
923,273.35913,269.85,43.333332,0.0
924,273.05374,270.95,42.0,0.0
925,272.87012,270.95,40.666668,0.0
926,272.70117,270.95,45.333332,0.0
927,272.547,270.95,42.666668,0.0
928,272.40643,270.95,46.0,0.0
929,272.27863,270.95,46.0,0.0
930,272.16235,270.95,46.666668,0.0
931,272.0566,270.95,44.666668,0.0
932,271.96033,270.95,43.333332,0.0
933,271.87262,270.95,42.0,0.0
934,271.79272,270.95,39.333332,0.0
935,271.71988,270.95,49.333332,0.0
936,271.65402,271.35,40.666668,0.0
937,271.62994,271.35,42.666668,0.0
938,271.60803,271.35,46.666668,0.0
939,271.5883,271.35,40.0,0.0
940,271.57007,271.35,42.666668,0.0
941,271.55353,271.35,46.666668,0.0
942,271.5387,271.35,46.0,0.0
943,271.52524,271.35,40.666668,0.0
944,271.51273,271.35,38.666668,0.0
945,271.50116,271.35,45.333332,0.0
946,271.4909,271.35,37.333332,0.0
947,271.48126,271.35,43.333332,0.0
948,271.4727,270.65,42.0,0.0
949,271.4017,270.65,42.0,0.0
950,271.33716,270.65,46.0,0.0
951,271.27866,270.65,44.666668,0.0
952,271.22543,270.65,40.666668,0.0
953,271.17682,270.65,41.333332,0.0
954,271.13254,270.65,41.333332,0.0
955,271.09222,270.65,40.0,0.0
956,271.05548,270.65,43.333332,0.0
957,271.02222,270.65,45.333332,0.0
958,270.9921,270.65,40.0,0.0
959,270.96448,270.65,38.0,0.0
960,270.93918,272.85,41.333332,229.8576
961,271.1327,272.85,39.333332,229.8576
962,271.30862,272.85,45.333332,229.8576
963,271.46893,272.85,44.666668,229.8576
964,271.61484,272.85,39.333332,229.8576
965,271.74734,272.85,46.666668,229.8576
966,271.86816,272.85,42.0,229.8576
967,271.97797,272.85,46.0,229.8576
968,272.078,272.85,44.0,229.8576
969,272.16898,272.85,44.0,229.8576
970,272.25174,272.85,47.333332,229.8576
971,272.32718,272.85,42.0,229.8576
972,272.3956,270.85,45.333332,777.7526
973,272.32013,270.85,43.333332,777.7526
974,272.25146,270.85,43.333332,777.7526
975,272.18896,270.85,44.0,777.7526
976,272.13214,270.85,41.333332,777.7526
977,272.08032,270.85,42.666668,777.7526
978,272.0332,270.85,46.0,777.7526
979,271.9905,270.85,43.333332,777.7526
980,271.9516,270.85,41.333332,777.7526
981,271.91608,270.85,45.714287,777.7526
982,271.8839,270.85,42.463924,777.7526
983,271.85455,270.85,42.463924,777.7526
984,271.82782,269.85,42.463924,941.7861
985,271.726,269.85,42.463924,941.7861
986,271.6334,269.85,42.463924,941.7861
987,271.54913,269.85,42.463924,941.7861
988,271.4725,269.85,42.463924,941.7861
989,271.40277,269.85,42.463924,941.7861
990,271.33932,269.85,42.463924,941.7861
991,271.28162,269.85,42.463924,941.7861
992,271.2291,269.85,42.463924,941.7861
993,271.1813,269.85,42.463924,941.7861
994,271.13785,269.85,42.463924,941.7861
995,271.0983,269.85,42.463924,941.7861
996,271.06232,268.95,42.463924,1115.9011
997,270.9619,268.95,42.463924,1115.9011
998,270.8706,268.95,42.463924,1115.9011
999,270.78754,268.95,42.463924,1115.9011
1000,270.71198,268.95,42.463924,1115.9011
1001,270.64322,268.95,42.463924,1115.9011
1002,270.58066,268.95,42.463924,1115.9011
1003,270.52374,268.95,42.463924,1115.9011
1004,270.47195,268.95,42.463924,1115.9011
1005,270.42484,268.95,42.463924,1115.9011
1006,270.382,268.95,42.463924,1115.9011
1007,270.343,268.95,42.463924,1115.9011
1008,270.30753,268.75,42.463924,1076.9432
1009,270.25415,268.75,42.463924,1076.9432
1010,270.2056,268.75,42.463924,1076.9432
1011,270.16144,268.75,42.463924,1076.9432
1012,270.12128,268.75,42.463924,1076.9432
1013,270.08472,268.75,42.463924,1076.9432
1014,270.05145,268.75,42.463924,1076.9432
1015,270.0212,268.75,42.463924,1076.9432
1016,269.99368,268.75,42.463924,1076.9432
1017,269.96863,268.75,42.463924,1076.9432
1018,269.94583,268.75,42.463924,1076.9432
1019,269.9251,268.75,42.463924,1076.9432
1020,269.90625,266.75,42.463924,1069.6667
1021,269.70804,266.75,42.463924,1069.6667
1022,269.52777,266.75,42.463924,1069.6667
1023,269.36377,266.75,42.463924,1069.6667
1024,269.21457,266.75,42.463924,1069.6667
1025,269.07883,266.75,42.463924,1069.6667
1026,268.95535,266.75,42.463924,1069.6667
1027,268.84302,266.75,42.463924,1069.6667
1028,268.7408,266.75,42.463924,1069.6667
1029,268.64783,266.75,42.463924,1069.6667
1030,268.56323,266.75,42.463924,1069.6667
1031,268.48627,266.75,42.463924,1069.6667
1032,268.41623,266.65,42.463924,410.28
1033,268.29214,266.65,42.463924,410.28
1034,268.17926,266.65,42.463924,410.28
1035,268.07657,266.65,42.463924,410.28
1036,267.98312,266.65,42.463924,410.28
1037,267.89813,266.65,42.463924,410.28
1038,267.8208,266.65,42.463924,410.28
1039,267.75043,266.65,42.463924,410.28
1040,267.6864,266.65,42.463924,410.28
1041,267.62817,266.65,42.463924,410.28
1042,267.5752,266.65,42.463924,410.28
1043,267.52698,266.65,42.463924,410.28
1044,267.48312,266.75,42.463924,205.14
1045,267.43628,266.75,42.463924,205.14
1046,267.39365,266.75,42.463924,205.14
1047,267.35486,266.75,42.463924,205.14
1048,267.31958,266.75,42.463924,205.14
1049,267.28748,266.75,42.463924,205.14
1050,267.25827,266.75,42.463924,205.14
1051,267.2317,266.75,42.463924,205.14
1052,267.20752,266.75,42.463924,205.14
1053,267.18552,266.75,42.463924,205.14
1054,267.1655,266.75,42.463924,205.14
1055,267.1473,266.75,42.463924,205.14
1056,267.13074,266.85,42.463924,0.0
1057,267.1087,266.85,42.463924,0.0
1058,267.08868,266.85,42.463924,0.0
1059,267.07047,266.85,42.463924,0.0
1060,267.0539,266.85,42.463924,0.0
1061,267.03882,266.85,42.463924,0.0
1062,267.0251,266.85,42.463924,0.0
1063,267.0126,266.85,42.463924,0.0
1064,267.00125,266.85,42.463924,0.0
1065,266.9909,266.85,42.463924,0.0
1066,266.9815,266.85,42.463924,0.0
1067,266.97296,266.85,42.463924,0.0
1068,266.96518,268.15,42.463924,0.0
1069,267.0754,268.15,42.463924,0.0
1070,267.17566,268.15,42.463924,0.0
1071,267.26685,268.15,42.463924,0.0
1072,267.34982,268.15,42.463924,0.0
1073,267.4253,268.15,42.463924,0.0
1074,267.49396,268.15,42.463924,0.0
1075,267.55643,268.15,42.463924,0.0
1076,267.61328,268.15,42.463924,0.0
1077,267.665,268.15,42.463924,0.0
1078,267.71207,268.15,42.463924,0.0
1079,267.75488,268.15,42.463924,0.0
1080,267.79382,267.85,42.463924,0.0
1081,267.8022,267.85,42.463924,0.0
1082,267.80978,267.85,42.463924,0.0
1083,267.8167,267.85,42.463924,0.0
1084,267.82303,267.85,42.463924,0.0
1085,267.82877,267.85,42.463924,0.0
1086,267.83398,267.85,42.463924,0.0
1087,267.83875,267.85,42.463924,0.0
1088,267.84308,267.85,4785.048,0.0
1089,268.0841,267.85,5155.069,0.0
1090,268.4067,267.85,5155.069,0.0
1091,268.73718,267.85,5155.069,0.0
1092,269.05106,268.35,5155.069,0.0
1093,269.38647,268.35,5155.069,0.0
1094,269.69333,268.35,5155.069,0.0
1095,269.9731,268.35,5155.069,0.0
1096,270.22787,268.35,5155.069,0.0
1097,270.45972,268.35,5155.069,0.0
1098,270.6707,268.35,5155.069,0.0
1099,270.86264,268.35,5155.069,0.0
1100,271.03726,268.35,5155.069,0.0
1101,271.19614,268.35,5155.069,0.0
1102,271.3407,268.35,5155.069,0.0
1103,271.47223,268.35,5155.069,0.0
1104,271.5919,267.65,5155.069,0.0
1105,271.63757,267.65,5155.069,0.0
1106,271.67917,267.65,5155.069,0.0
1107,271.717,267.65,5155.069,0.0
1108,271.75143,267.65,5155.069,0.0
1109,271.78278,267.65,5155.069,0.0
1110,271.81128,267.65,5155.069,0.0
1111,271.83722,267.65,5155.069,0.0
1112,271.8608,267.65,5155.069,0.0
1113,271.88226,267.65,5155.069,0.0
1114,271.9018,267.65,5155.069,0.0
1115,271.91956,267.65,5155.069,0.0
1116,271.93573,267.55,5155.069,0.0
1117,271.9414,267.55,5155.069,0.0
1118,271.9466,267.55,5155.069,0.0
1119,271.9513,267.55,5155.069,0.0
1120,271.95557,267.55,5155.069,0.0
1121,271.95947,267.55,5155.069,0.0
1122,271.963,267.55,5155.069,0.0
1123,271.96625,267.55,5155.069,0.0
1124,271.96918,267.55,5155.069,0.0
1125,271.97186,267.55,5155.069,0.0
1126,271.9743,267.55,5155.069,0.0
1127,271.9765,267.55,5155.069,0.0
1128,271.97852,267.95,5155.069,0.0
1129,272.01645,267.95,5155.069,0.0
1130,272.05093,267.95,548.7778,0.0
1131,271.85205,267.95,42.463924,0.0
1132,271.56342,267.95,42.463924,0.0
1133,271.26227,267.95,42.463924,0.0
1134,270.9745,267.95,42.463924,0.0
1135,270.70773,267.95,42.463924,0.0
1136,270.4633,267.95,42.463924,0.0
1137,270.24026,267.95,42.463924,0.0
1138,270.0371,267.95,42.463924,0.0
1139,269.8522,267.95,42.463924,0.0
1140,269.68396,267.75,42.463924,0.0
1141,269.51282,267.75,42.463924,0.0
1142,269.35712,267.75,42.463924,0.0
1143,269.21545,267.75,42.463924,0.0
1144,269.08658,267.75,42.463924,0.0
1145,268.96933,267.75,42.463924,0.0
1146,268.86267,267.75,42.463924,0.0
1147,268.76562,267.75,42.463924,0.0
1148,268.67734,267.75,42.463924,0.0
1149,268.59702,267.75,42.463924,0.0
1150,268.52393,267.75,42.463924,0.0
1151,268.45743,267.75,42.463924,0.0
1152,268.3969,266.85,42.463924,0.0
1153,268.26065,266.85,42.463924,0.0
1154,268.13672,266.85,42.463924,0.0
1155,268.02396,266.85,42.463924,0.0
1156,267.9214,266.85,42.463924,0.0
1157,267.82806,266.85,42.463924,0.0
1158,267.74316,266.85,42.463924,0.0
1159,267.66592,266.85,42.463924,0.0
1160,267.59564,266.85,42.463924,0.0
1161,267.5317,266.85,42.463924,0.0
1162,267.47354,266.85,42.463924,0.0
1163,267.4206,266.85,42.463924,0.0
1164,267.37244,265.45,42.463924,0.0
1165,267.20227,265.45,42.463924,0.0
1166,267.04752,265.45,42.463924,0.0
1167,266.90674,265.45,42.463924,0.0
1168,266.77866,265.45,42.463924,0.0
1169,266.6621,265.45,42.463924,0.0
1170,266.5561,265.45,42.463924,0.0
1171,266.45963,265.45,42.463924,0.0
1172,266.37186,265.45,42.463924,0.0
1173,266.29202,265.45,42.463924,0.0
1174,266.2194,265.45,42.463924,0.0
1175,266.1533,265.45,42.463924,0.0
1176,266.09317,264.75,42.463924,0.0
1177,265.97528,264.75,42.463924,0.0
1178,265.86807,264.75,42.463924,0.0
1179,265.77054,264.75,42.463924,0.0
1180,265.6818,264.75,42.463924,0.0
1181,265.60104,264.75,42.463924,0.0
1182,265.5276,264.75,42.463924,0.0
1183,265.46075,264.75,42.463924,0.0
1184,265.39996,264.75,42.463924,0.0
1185,265.34464,264.75,42.463924,0.0
1186,265.2943,264.75,42.463924,0.0
1187,265.24854,264.75,42.463924,0.0
1188,265.20688,265.25,42.463924,0.0
1189,265.2141,265.25,42.463924,0.0
1190,265.22067,265.25,42.463924,0.0
1191,265.22662,265.25,42.463924,0.0
1192,265.23203,265.25,42.463924,0.0
1193,265.23694,265.25,42.463924,0.0
1194,265.24142,265.25,42.463924,0.0
1195,265.2455,265.25,42.463924,0.0
1196,265.24924,265.25,42.463924,0.0
1197,265.25262,265.25,42.463924,0.0
1198,265.2557,265.25,42.463924,0.0
1199,265.25848,265.25,42.463924,0.0
1200,265.26102,262.45,42.463924,0.0
1201,265.01065,262.45,42.463924,0.0
1202,264.78296,262.45,42.463924,0.0
1203,264.57584,262.45,42.463924,0.0
1204,264.3874,262.45,42.463924,0.0
1205,264.21594,262.45,42.463924,0.0
1206,264.05997,262.45,42.463924,0.0
1207,263.91806,262.45,42.463924,0.0
1208,263.78894,262.45,42.463924,0.0
1209,263.67148,262.45,42.463924,0.0
1210,263.5646,262.45,42.463924,0.0
1211,263.46738,262.45,42.463924,0.0
1212,263.3789,262.95,42.463924,0.0
1213,263.34354,262.95,42.463924,0.0
1214,263.31137,262.95,4785.048,0.0
1215,263.51917,262.95,5155.069,0.0
1216,263.81155,262.95,5155.069,0.0
1217,264.11453,262.95,5155.069,0.0
1218,264.4034,262.95,5155.069,0.0
1219,264.67096,262.95,5155.069,0.0
1220,264.91605,262.95,5155.069,0.0
1221,265.13965,262.95,5155.069,0.0
1222,265.3433,262.95,5155.069,0.0
1223,265.52866,262.95,5155.069,0.0
1224,265.69733,262.55,5155.069,0.0
1225,265.8147,262.55,5155.069,0.0
1226,265.92148,262.55,5155.069,0.0
1227,266.01865,262.55,5155.069,0.0
1228,266.10706,262.55,5155.069,0.0
1229,266.1875,262.55,5155.069,0.0
1230,266.26068,262.55,5155.069,0.0
1231,266.32727,262.55,5155.069,0.0
1232,266.38785,262.55,5155.069,0.0
1233,266.44296,262.55,5155.069,0.0
1234,266.4931,262.55,5155.069,0.0
1235,266.53873,262.55,5155.069,0.0
1236,266.58023,262.45,5155.069,0.0
1237,266.60895,262.45,5155.069,0.0
1238,266.6351,262.45,5155.069,0.0
1239,266.65887,262.45,5155.069,0.0
1240,266.6805,262.45,5155.069,0.0
1241,266.7002,262.45,5155.069,0.0
1242,266.7181,262.45,5155.069,0.0
1243,266.7344,262.45,5155.069,0.0
1244,266.74924,262.45,5155.069,0.0
1245,266.76273,262.45,5155.069,0.0
1246,266.775,262.45,5155.069,0.0
1247,266.78616,262.45,5155.069,0.0
1248,266.79633,262.15,5155.069,236.74756
1249,266.79694,262.15,5155.069,236.74756
1250,266.7975,262.15,5155.069,236.74756
1251,266.798,262.15,5155.069,236.74756
1252,266.79846,262.15,5155.069,236.74756
1253,266.7989,262.15,5155.069,236.74756
1254,266.7993,262.15,5155.069,236.74756
1255,266.79962,262.15,5155.069,236.74756
1256,266.79993,262.15,548.7778,236.74756
1257,266.56995,262.15,42.463924,236.74756
1258,266.25302,262.15,42.463924,236.74756
1259,265.92615,262.15,42.463924,236.74756
1260,265.61496,263.45,42.463924,619.7248
1261,265.47406,263.45,42.463924,619.7248
1262,265.34406,263.45,42.463924,619.7248
1263,265.22513,263.45,42.463924,619.7248
1264,265.1167,263.45,42.463924,619.7248
1265,265.01797,263.45,42.463924,619.7248
1266,264.9281,263.45,42.463924,619.7248
1267,264.84634,263.45,42.463924,619.7248
1268,264.77194,263.45,42.463924,619.7248
1269,264.70425,263.45,42.463924,619.7248
1270,264.64267,263.45,42.463924,619.7248
1271,264.58664,263.45,42.463924,619.7248
1272,264.53568,263.95,42.463924,1012.288
1273,264.565,263.95,42.463924,1012.288
1274,264.59164,263.95,42.463924,1012.288
1275,264.61588,263.95,42.463924,1012.288
1276,264.6379,263.95,42.463924,1012.288
1277,264.65796,263.95,42.463924,1012.288
1278,264.6762,263.95,42.463924,1012.288
1279,264.6928,263.95,42.463924,1012.288
1280,264.70792,263.95,42.463924,1012.288
1281,264.72165,263.95,42.463924,1012.288
1282,264.73416,263.95,42.463924,1012.288
1283,264.74554,263.95,42.463924,1012.288
1284,264.7559,264.25,42.463924,1395.9938
1285,264.82227,264.25,42.463924,1395.9938
1286,264.88263,264.25,42.463924,1395.9938
1287,264.93753,264.25,42.463924,1395.9938
1288,264.9875,264.25,42.463924,1395.9938
1289,265.03293,264.25,42.463924,1395.9938
1290,265.07428,264.25,42.463924,1395.9938
1291,265.1119,264.25,42.463924,1395.9938
1292,265.14615,264.25,42.463924,1395.9938
1293,265.17728,264.25,42.463924,1395.9938
1294,265.2056,264.25,42.463924,1395.9938
1295,265.23138,264.25,42.463924,1395.9938
1296,265.25482,264.95,42.463924,1172.5657
1297,265.32193,264.95,42.463924,1172.5657
1298,265.38297,264.95,4785.048,1172.5657
1299,265.67557,264.95,5155.069,1172.5657
1300,266.0451,264.95,5155.069,1172.5657
1301,266.41827,264.95,5155.069,1172.5657
1302,266.77103,264.95,5155.069,1172.5657
1303,267.09668,264.95,5155.069,1172.5657
1304,267.39465,264.95,5155.069,1172.5657
1305,267.66635,264.95,5155.069,1172.5657
1306,267.91376,264.95,5155.069,1172.5657
1307,268.13895,264.95,5155.069,1172.5657
1308,268.34384,264.05,5155.069,835.63135
1309,268.4228,264.05,5155.069,835.63135
1310,268.49466,264.05,5155.069,835.63135
1311,268.56006,264.05,5155.069,835.63135
1312,268.61957,264.05,5155.069,835.63135
1313,268.6737,264.05,5155.069,835.63135
1314,268.72296,264.05,5155.069,835.63135
1315,268.7678,264.05,5155.069,835.63135
1316,268.80856,264.05,5155.069,835.63135
1317,268.84567,264.05,5155.069,835.63135
1318,268.87943,264.05,5155.069,835.63135
1319,268.91013,264.05,5155.069,835.63135
1320,268.93808,265.85,5155.069,522.2914
1321,269.10153,265.85,5155.069,522.2914
1322,269.2502,265.85,5155.069,522.2914
1323,269.38547,265.85,5155.069,522.2914
1324,269.5085,265.85,5155.069,522.2914
1325,269.62045,265.85,5155.069,522.2914
1326,269.7223,265.85,5155.069,522.2914
1327,269.81494,265.85,5155.069,522.2914
1328,269.89923,265.85,5155.069,522.2914
1329,269.97592,265.85,5155.069,522.2914
1330,270.04572,265.85,5155.069,522.2914
1331,270.1092,265.85,5155.069,522.2914
1332,270.16696,264.85,5155.069,86.79
1333,270.09534,264.85,5155.069,86.79
1334,270.0302,264.85,5155.069,86.79
1335,269.97098,264.85,5155.069,86.79
1336,269.9171,264.85,5155.069,86.79
1337,269.8681,264.85,5155.069,86.79
1338,269.82352,264.85,5155.069,86.79
1339,269.78296,264.85,5155.069,86.79
1340,269.74603,264.85,5155.069,86.79
1341,269.71246,264.85,5155.069,86.79
1342,269.68192,264.85,5155.069,86.79
1343,269.6541,264.85,5155.069,86.79
1344,269.6288,265.65,5155.069,0.0
1345,269.67123,265.65,5155.069,0.0
1346,269.7098,265.65,5155.069,0.0
1347,269.7449,265.65,5155.069,0.0
1348,269.77682,265.65,5155.069,0.0
1349,269.80588,265.65,5155.069,0.0
1350,269.8323,265.65,5155.069,0.0
1351,269.85635,265.65,5155.069,0.0
1352,269.87823,265.65,5155.069,0.0
1353,269.89813,265.65,5155.069,0.0
1354,269.91623,265.65,5155.069,0.0
1355,269.9327,265.65,5155.069,0.0
1356,269.9477,265.15,5155.069,0.0
1357,269.9162,265.15,5155.069,0.0
1358,269.88757,265.15,5155.069,0.0
1359,269.8615,265.15,5155.069,0.0
1360,269.83783,265.15,5155.069,0.0
1361,269.81628,265.15,5155.069,0.0
1362,269.79666,265.15,5155.069,0.0
1363,269.7788,265.15,5155.069,0.0
1364,269.76257,265.15,5155.069,0.0
1365,269.7478,265.15,5155.069,0.0
1366,269.73438,265.15,5155.069,0.0
1367,269.72214,265.15,5155.069,0.0
1368,269.71103,264.65,5155.069,0.0
1369,269.6558,264.65,5155.069,0.0
1370,269.60556,264.65,5155.069,0.0
1371,269.55984,264.65,5155.069,0.0
1372,269.51825,264.65,5155.069,0.0
1373,269.4804,264.65,5155.069,0.0
1374,269.44598,264.65,5155.069,0.0
1375,269.41467,264.65,5155.069,0.0
1376,269.38617,264.65,5155.069,0.0
1377,269.36026,264.65,5155.069,0.0
1378,269.33667,264.65,5155.069,0.0
1379,269.31522,264.65,5155.069,0.0
1380,269.2957,264.55,5155.069,0.0
1381,269.2689,264.55,5155.069,0.0
1382,269.24454,264.55,548.7778,0.0
1383,268.9921,264.55,42.463924,0.0
1384,268.65472,264.55,42.463924,0.0
1385,268.30927,264.55,42.463924,0.0
1386,267.98117,264.55,42.463924,0.0
1387,267.67773,264.55,42.463924,0.0
1388,267.3999,264.55,42.463924,0.0
1389,267.1465,264.55,42.463924,0.0
1390,266.91574,264.55,42.463924,0.0
1391,266.70572,264.55,42.463924,0.0
1392,266.5146,265.65,42.463924,0.0
1393,266.43997,265.65,42.463924,0.0
1394,266.37204,265.65,42.463924,0.0
1395,266.31024,265.65,42.463924,0.0
1396,266.254,265.65,42.463924,0.0
1397,266.20282,265.65,42.463924,0.0
1398,266.15625,265.65,42.463924,0.0
1399,266.1139,265.65,42.463924,0.0
1400,266.07535,265.65,42.463924,0.0
1401,266.04028,265.65,42.463924,0.0
1402,266.0084,265.65,42.463924,0.0
1403,265.97937,265.65,42.463924,0.0
1404,265.95297,265.95,42.463924,0.0
1405,265.95602,265.95,42.463924,0.0
1406,265.9588,265.95,42.463924,0.0
1407,265.9613,265.95,42.463924,0.0
1408,265.9636,265.95,42.463924,0.0
1409,265.96567,265.95,42.463924,0.0
1410,265.96756,265.95,42.463924,0.0
1411,265.96927,265.95,42.463924,0.0
1412,265.97083,265.95,42.463924,0.0
1413,265.97226,265.95,42.463924,0.0
1414,265.97357,265.95,42.463924,0.0
1415,265.97476,265.95,42.463924,0.0
1416,265.97583,266.35,42.463924,0.0
1417,266.0129,266.35,42.463924,0.0
1418,266.04663,266.35,42.463924,0.0
1419,266.0773,266.35,42.463924,0.0
1420,266.1052,266.35,42.463924,0.0
1421,266.13058,266.35,42.463924,0.0
1422,266.1537,266.35,42.463924,0.0
1423,266.1747,266.35,42.463924,0.0
1424,266.19382,266.35,42.463924,0.0
1425,266.2112,266.35,42.463924,0.0
1426,266.22705,266.35,42.463924,0.0
1427,266.24146,266.35,42.463924,0.0
1428,266.25455,266.65,42.463924,0.0
1429,266.29355,266.65,42.463924,0.0
1430,266.329,266.65,42.463924,0.0
1431,266.36127,266.65,42.463924,0.0
1432,266.39062,266.65,42.463924,0.0
1433,266.41733,266.65,42.463924,0.0
1434,266.44162,266.65,42.463924,0.0
1435,266.4637,266.65,42.463924,0.0
1436,266.48383,266.65,42.463924,0.0
1437,266.5021,266.65,42.463924,0.0
1438,266.51874,266.65,42.463924,0.0
1439,266.53387,266.65,42.463924,0.0
1440,266.54767,267.65,42.463924,0.0
1441,266.65045,267.65,42.463924,0.0
1442,266.74393,267.65,42.463924,0.0
1443,266.82895,267.65,42.463924,0.0
1444,266.9063,267.65,42.463924,0.0
1445,266.97668,267.65,42.463924,0.0
1446,267.0407,267.65,42.463924,0.0
1447,267.09897,267.65,42.463924,0.0
1448,267.15198,267.65,42.463924,0.0
1449,267.2002,267.65,42.463924,0.0
1450,267.24408,267.65,42.463924,0.0
1451,267.284,267.65,42.463924,0.0
1452,267.3203,268.25,42.463924,0.0
1453,267.4075,268.25,42.463924,0.0
1454,267.48682,268.25,42.463924,0.0
1455,267.55896,268.25,42.463924,0.0
1456,267.6246,268.25,42.463924,0.0
1457,267.68433,268.25,42.463924,0.0
1458,267.73865,268.25,42.463924,0.0
1459,267.7881,268.25,42.463924,0.0
1460,267.83307,268.25,42.463924,0.0
1461,267.874,268.25,42.463924,0.0
1462,267.91122,268.25,42.463924,0.0
1463,267.9451,268.25,42.463924,0.0
1464,267.9759,268.25,42.463924,0.0
1465,268.0039,268.25,42.463924,0.0
1466,268.02942,268.25,4785.048,0.0
1467,268.2897,268.25,5155.069,0.0
1468,268.62982,268.25,5155.069,0.0
1469,268.97623,268.25,5155.069,0.0
1470,269.30463,268.25,5155.069,0.0
1471,269.60812,268.25,5155.069,0.0
1472,269.88596,268.25,5155.069,0.0
1473,270.13934,268.25,5155.069,0.0
1474,270.3701,268.25,5155.069,0.0
1475,270.58008,268.25,5155.069,0.0
1476,270.77118,268.05,5155.069,0.0
1477,270.927,268.05,5155.069,0.0
1478,271.06876,268.05,5155.069,0.0
1479,271.19775,268.05,5155.069,0.0
1480,271.3151,268.05,5155.069,0.0
1481,271.42188,268.05,5155.069,0.0
1482,271.519,268.05,5155.069,0.0
1483,271.6074,268.05,5155.069,0.0
1484,271.6878,268.05,5155.069,0.0
1485,271.76096,268.05,5155.069,0.0
1486,271.8275,268.05,5155.069,0.0
1487,271.88806,268.05,5155.069,0.0
1488,271.94315,267.75,5155.069,0.0
1489,271.9662,267.75,5155.069,0.0
1490,271.98715,267.75,5155.069,0.0
1491,272.00626,267.75,5155.069,0.0
1492,272.02362,267.75,5155.069,0.0
1493,272.03943,267.75,5155.069,0.0
1494,272.0538,267.75,5155.069,0.0
1495,272.0669,267.75,5155.069,0.0
1496,272.0788,267.75,5155.069,0.0
1497,272.08963,267.75,5155.069,0.0
1498,272.0995,267.75,5155.069,0.0
1499,272.10846,267.75,5155.069,0.0
1500,272.1166,267.65,5155.069,0.0
1501,272.115,267.65,5155.069,0.0
1502,272.11353,267.65,5155.069,0.0
1503,272.1122,267.65,5155.069,0.0
1504,272.111,267.65,5155.069,0.0
1505,272.1099,267.65,5155.069,0.0
1506,272.1089,267.65,5155.069,0.0
1507,272.10797,267.65,5155.069,0.0
1508,272.10715,267.65,5155.069,0.0
1509,272.10638,267.65,5155.069,0.0
1510,272.1057,267.65,5155.069,0.0
1511,272.1051,267.65,5155.069,0.0
1512,272.10452,267.75,5155.069,0.0
1513,272.11304,267.75,5155.069,0.0
1514,272.1208,267.75,5155.069,0.0
1515,272.12784,267.75,5155.069,0.0
1516,272.13425,267.75,5155.069,0.0
1517,272.14008,267.75,5155.069,0.0
1518,272.1454,267.75,5155.069,0.0
1519,272.1502,267.75,5155.069,0.0
1520,272.1546,267.75,5155.069,0.0
1521,272.1586,267.75,5155.069,0.0
1522,272.16223,267.75,5155.069,0.0
1523,272.16553,267.75,5155.069,0.0
1524,272.16852,267.95,5155.069,0.0
1525,272.1893,267.95,5155.069,0.0
1526,272.2082,267.95,5155.069,0.0
1527,272.2254,267.95,5155.069,0.0
1528,272.24106,267.95,5155.069,0.0
1529,272.25528,267.95,5155.069,0.0
1530,272.26822,267.95,5155.069,0.0
1531,272.28,267.95,5155.069,0.0
1532,272.2907,267.95,5155.069,0.0
1533,272.30048,267.95,5155.069,0.0
1534,272.30936,267.95,5155.069,0.0
1535,272.3174,267.95,5155.069,0.0
1536,272.32477,268.15,5155.069,235.99474
1537,272.3679,268.15,5155.069,235.99474
1538,272.4071,268.15,5155.069,235.99474
1539,272.44278,268.15,5155.069,235.99474
1540,272.47522,268.15,5155.069,235.99474
1541,272.50473,268.15,5155.069,235.99474
1542,272.5316,268.15,5155.069,235.99474
1543,272.55603,268.15,5155.069,235.99474
1544,272.57825,268.15,5155.069,235.99474
1545,272.59848,268.15,5155.069,235.99474
1546,272.61688,268.15,5155.069,235.99474
1547,272.63364,268.15,5155.069,235.99474
1548,272.64886,269.45,5155.069,630.79
1549,272.8108,269.45,5155.069,630.79
1550,272.95807,269.45,5155.069,630.79
1551,273.09204,269.45,5155.069,630.79
1552,273.21393,269.45,5155.069,630.79
1553,273.3248,269.45,5155.069,630.79
1554,273.4257,269.45,5155.069,630.79
1555,273.51746,269.45,5155.069,630.79
1556,273.60095,269.45,5155.069,630.79
1557,273.6769,269.45,5155.069,630.79
1558,273.74603,269.45,5155.069,630.79
1559,273.80893,269.45,5155.069,630.79
1560,273.86615,269.55,5155.069,189.36
1561,273.89285,269.55,5155.069,189.36
1562,273.91714,269.55,5155.069,189.36
1563,273.93924,269.55,5155.069,189.36
1564,273.95935,269.55,5155.069,189.36
1565,273.97766,269.55,5155.069,189.36
1566,273.99432,269.55,5155.069,189.36
1567,274.00946,269.55,5155.069,189.36
1568,274.02325,269.55,5155.069,189.36
1569,274.0358,269.55,5155.069,189.36
1570,274.0472,269.55,5155.069,189.36
1571,274.0576,269.55,5155.069,189.36
1572,274.06702,271.25,5155.069,1389.2417
1573,274.32248,271.25,5155.069,1389.2417
1574,274.5548,271.25,5155.069,1389.2417
1575,274.76614,271.25,5155.069,1389.2417
1576,274.9584,271.25,5155.069,1389.2417
1577,275.13333,271.25,5155.069,1389.2417
1578,275.29248,271.25,5155.069,1389.2417
1579,275.43726,271.25,5155.069,1389.2417
1580,275.569,271.25,5155.069,1389.2417
1581,275.68884,271.25,5155.069,1389.2417
1582,275.79788,271.25,5155.069,1389.2417
1583,275.8971,271.25,5155.069,1389.2417
1584,275.98734,272.35,5155.069,220.92
1585,276.07773,272.35,5155.069,220.92
1586,276.15997,272.35,5155.069,220.92
1587,276.2348,272.35,5155.069,220.92
1588,276.3029,272.35,5155.069,220.92
1589,276.3648,272.35,5155.069,220.92
1590,276.42114,272.35,5155.069,220.92
1591,276.4724,272.35,5155.069,220.92
1592,276.51904,272.35,5155.069,220.92
1593,276.56146,272.35,5155.069,220.92
1594,276.60007,272.35,5155.069,220.92
1595,276.6352,272.35,5155.069,220.92
1596,276.66714,272.55,5155.069,913.81976
1597,276.76822,272.55,5155.069,913.81976
1598,276.86017,272.55,5155.069,913.81976
1599,276.94382,272.55,5155.069,913.81976
1600,277.0199,272.55,5155.069,913.81976
1601,277.08914,272.55,5155.069,913.81976
1602,277.15213,272.55,5155.069,913.81976
1603,277.20944,272.55,5155.069,913.81976
1604,277.26157,272.55,5155.069,913.81976
1605,277.309,272.55,5155.069,913.81976
1606,277.35214,272.55,5155.069,913.81976
1607,277.39142,272.55,5155.069,913.81976
1608,277.42712,273.25,5155.069,449.73
1609,277.48666,273.25,5155.069,449.73
1610,277.5408,273.25,5155.069,449.73
1611,277.59006,273.25,5155.069,449.73
1612,277.6349,273.25,5155.069,449.73
1613,277.67566,273.25,5155.069,449.73
1614,277.71277,273.25,5155.069,449.73
1615,277.74652,273.25,5155.069,449.73
1616,277.77722,273.25,5155.069,449.73
1617,277.80515,273.25,5155.069,449.73
1618,277.83057,273.25,5155.069,449.73
1619,277.8537,273.25,5155.069,449.73
1620,277.87473,273.25,5155.069,102.57
1621,277.86682,273.25,5155.069,102.57
1622,277.85965,273.25,5155.069,102.57
1623,277.85312,273.25,5155.069,102.57
1624,277.8472,273.25,5155.069,102.57
1625,277.8418,273.25,5155.069,102.57
1626,277.83688,273.25,5155.069,102.57
1627,277.83243,273.25,5155.069,102.57
1628,277.82837,273.25,5155.069,102.57
1629,277.82468,273.25,5155.069,102.57
1630,277.82132,273.25,5155.069,102.57
1631,277.81827,273.25,5155.069,102.57
1632,277.8155,272.05,5155.069,0.0
1633,277.69666,272.05,5155.069,0.0
1634,277.5886,272.05,5155.069,0.0
1635,277.4903,272.05,5155.069,0.0
1636,277.40088,272.05,5155.069,0.0
1637,277.31952,272.05,5155.069,0.0
1638,277.24548,272.05,5155.069,0.0
1639,277.17813,272.05,5155.069,0.0
1640,277.11685,272.05,5155.069,0.0
1641,277.0611,272.05,5155.069,0.0
1642,277.01038,272.05,5155.069,0.0
1643,276.96423,272.05,5155.069,0.0
1644,276.92224,272.45,5155.069,0.0
1645,276.92014,272.45,5155.069,0.0
1646,276.9182,272.45,5155.069,0.0
1647,276.91647,272.45,5155.069,0.0
1648,276.9149,272.45,5155.069,0.0
1649,276.91345,272.45,5155.069,0.0
1650,276.91214,272.45,5155.069,0.0
1651,276.91095,272.45,5155.069,0.0
1652,276.90985,272.45,5155.069,0.0
1653,276.90884,272.45,5155.069,0.0
1654,276.90793,272.45,5155.069,0.0
1655,276.9071,272.45,5155.069,0.0
1656,276.90637,271.95,5155.069,0.0
1657,276.86057,271.95,5155.069,0.0
1658,276.8189,271.95,5155.069,0.0
1659,276.781,271.95,5155.069,0.0
1660,276.74652,271.95,5155.069,0.0
1661,276.71515,271.95,5155.069,0.0
1662,276.6866,271.95,5155.069,0.0
1663,276.66064,271.95,5155.069,0.0
1664,276.63702,271.95,5155.069,0.0
1665,276.61554,271.95,5155.069,0.0
1666,276.596,271.95,5155.069,0.0
1667,276.57822,271.95,5155.069,0.0
1668,276.56204,269.65,5155.069,0.0
1669,276.33975,269.65,5155.069,0.0
1670,276.13757,269.65,5155.069,0.0
1671,275.95367,269.65,5155.069,0.0
1672,275.78638,269.65,5155.069,0.0
1673,275.63416,269.65,5155.069,0.0
1674,275.49567,269.65,5155.069,0.0
1675,275.3697,269.65,5155.069,0.0
1676,275.25507,269.65,548.7778,0.0
1677,274.9205,269.65,42.463924,0.0
1678,274.50842,269.65,42.463924,0.0
1679,274.09497,269.65,42.463924,0.0
1680,273.70505,269.55,42.463924,0.0
